implementation_address,mapping_count,artifact_dir,runtime_bytecode_path,runtime_bytecode_sha256,runtime_bytecode_size_bytes,source_available,source_provider,source_match,source_file_count,contract_name,compiler,compiler_version,abi_path,metadata_path,standard_json_input_path,storage_layout_path,verification_manifest_path,verification_url,collected_at_utc
0x03fa83d1cff019eee2ea1e12e2b8c4f2abcdd709,1,contracts/0x03fa83d1cff019eee2ea1e12e2b8c4f2abcdd709,contracts/0x03fa83d1cff019eee2ea1e12e2b8c4f2abcdd709/runtime-bytecode.hex,0d21511a2938456a031768f57bb8a05247edc1980bfe9df1c8f7a9b09ac89192,14941,True,sourcify,match,1,SROOT,solc,0.8.7+commit.e28d00a7,contracts/0x03fa83d1cff019eee2ea1e12e2b8c4f2abcdd709/abi.json,contracts/0x03fa83d1cff019eee2ea1e12e2b8c4f2abcdd709/metadata.json,contracts/0x03fa83d1cff019eee2ea1e12e2b8c4f2abcdd709/standard-json-input.json,contracts/0x03fa83d1cff019eee2ea1e12e2b8c4f2abcdd709/storage-layout.json,contracts/0x03fa83d1cff019eee2ea1e12e2b8c4f2abcdd709/verification.json,https://sourcify.dev/server/v2/contract/1/0x03fa83d1cff019eee2ea1e12e2b8c4f2abcdd709?fields=all,2026-08-18T19:11:43+00:00
0x0bcb3b8becaae10acc13fddc0ab09be3351cd30d,1,contracts/0x0bcb3b8becaae10acc13fddc0ab09be3351cd30d,contracts/0x0bcb3b8becaae10acc13fddc0ab09be3351cd30d/runtime-bytecode.hex,808b99798c2563a94b3e9f71a11be1246d21346e6f36826c9b1510939ce87824,14970,True,sourcify,match,14,MozartCoreV2,solc,0.5.16+commit.9c3226ce,contracts/0x0bcb3b8becaae10acc13fddc0ab09be3351cd30d/abi.json,contracts/0x0bcb3b8becaae10acc13fddc0ab09be3351cd30d/metadata.json,contracts/0x0bcb3b8becaae10acc13fddc0ab09be3351cd30d/standard-json-input.json,contracts/0x0bcb3b8becaae10acc13fddc0ab09be3351cd30d/storage-layout.json,contracts/0x0bcb3b8becaae10acc13fddc0ab09be3351cd30d/verification.json,https://sourcify.dev/server/v2/contract/1/0x0bcb3b8becaae10acc13fddc0ab09be3351cd30d?fields=all,2026-08-18T19:11:43+00:00
0x0c763c902a2d4a0e841ab8dc73a36fa776915950,1,contracts/0x0c763c902a2d4a0e841ab8dc73a36fa776915950,contracts/0x0c763c902a2d4a0e841ab8dc73a36fa776915950/runtime-bytecode.hex,dee5b2a1f9034d400e621a356869acafcc40f601708a0c5e637cef2430ceb312,2920,False,none,unavailable,0,,,,,,,,contracts/0x0c763c902a2d4a0e841ab8dc73a36fa776915950/verification.json,,2026-08-18T19:11:43+00:00
0x0cb95a8577f694d741be100fdb3efab369ecc945,1,contracts/0x0cb95a8577f694d741be100fdb3efab369ecc945,contracts/0x0cb95a8577f694d741be100fdb3efab369ecc945/runtime-bytecode.hex,dc7bfccea6f3b6066f2a0df9ecfdffc6e9911838a306b49779df468324b680f6,12211,True,sourcify,exact_match,22,ERC721Burnable,solc,0.8.13+commit.abaa5c0e,contracts/0x0cb95a8577f694d741be100fdb3efab369ecc945/abi.json,contracts/0x0cb95a8577f694d741be100fdb3efab369ecc945/metadata.json,contracts/0x0cb95a8577f694d741be100fdb3efab369ecc945/standard-json-input.json,contracts/0x0cb95a8577f694d741be100fdb3efab369ecc945/storage-layout.json,contracts/0x0cb95a8577f694d741be100fdb3efab369ecc945/verification.json,https://sourcify.dev/server/v2/contract/1/0x0cb95a8577f694d741be100fdb3efab369ecc945?fields=all,2026-08-18T19:11:43+00:00
0x0d970afb431c8188a49eaa3782e6e37ffb16011a,1,contracts/0x0d970afb431c8188a49eaa3782e6e37ffb16011a,contracts/0x0d970afb431c8188a49eaa3782e6e37ffb16011a/runtime-bytecode.hex,1f969f0960e35d2e9d12149f83e41a3d626bb0053d0cfe31bf21426bd5a3b0e9,8309,False,none,unavailable,0,,,,,,,,contracts/0x0d970afb431c8188a49eaa3782e6e37ffb16011a/verification.json,,2026-08-18T19:11:43+00:00
0x137ceed64037adab752ed4a4afbec1df3d2f0dad,1,contracts/0x137ceed64037adab752ed4a4afbec1df3d2f0dad,contracts/0x137ceed64037adab752ed4a4afbec1df3d2f0dad/runtime-bytecode.hex,507e3afe457f66437858843b6a81588a8b2169f17b38833f97f316db9220e8f2,5551,True,sourcify,match,1,Registry,solc,0.4.23+commit.124ca40d,contracts/0x137ceed64037adab752ed4a4afbec1df3d2f0dad/abi.json,contracts/0x137ceed64037adab752ed4a4afbec1df3d2f0dad/metadata.json,contracts/0x137ceed64037adab752ed4a4afbec1df3d2f0dad/standard-json-input.json,,contracts/0x137ceed64037adab752ed4a4afbec1df3d2f0dad/verification.json,https://sourcify.dev/server/v2/contract/1/0x137ceed64037adab752ed4a4afbec1df3d2f0dad?fields=all,2026-08-18T19:11:43+00:00
0x18911b9793d6f063bbebb024dccea5f290f17e4d,1,contracts/0x18911b9793d6f063bbebb024dccea5f290f17e4d,contracts/0x18911b9793d6f063bbebb024dccea5f290f17e4d/runtime-bytecode.hex,4608e2f7cf2d144a2c713fee79a7da73fc93c01b0c68dd8a355fe2fd00893fb2,11471,False,none,unavailable,0,,,,,,,,contracts/0x18911b9793d6f063bbebb024dccea5f290f17e4d/verification.json,,2026-08-18T19:11:43+00:00
0x1a0a086a6ecc74dd0ba1ac82e5fc60003155e632,1,contracts/0x1a0a086a6ecc74dd0ba1ac82e5fc60003155e632,contracts/0x1a0a086a6ecc74dd0ba1ac82e5fc60003155e632/runtime-bytecode.hex,6db28d8e682473f8b190b7e1f3ed20dcf1ba6998ebf8bc8ea193a40104c3aee9,24451,True,sourcify,exact_match,23,FreaksNGuildsMigrated,solc,0.8.11+commit.d7f03943,contracts/0x1a0a086a6ecc74dd0ba1ac82e5fc60003155e632/abi.json,contracts/0x1a0a086a6ecc74dd0ba1ac82e5fc60003155e632/metadata.json,contracts/0x1a0a086a6ecc74dd0ba1ac82e5fc60003155e632/standard-json-input.json,contracts/0x1a0a086a6ecc74dd0ba1ac82e5fc60003155e632/storage-layout.json,contracts/0x1a0a086a6ecc74dd0ba1ac82e5fc60003155e632/verification.json,https://sourcify.dev/server/v2/contract/1/0x1a0a086a6ecc74dd0ba1ac82e5fc60003155e632?fields=all,2026-08-18T19:11:43+00:00
0x1b3efa9a64af24781f4c4e36576c73dbea2ebfdf,1,contracts/0x1b3efa9a64af24781f4c4e36576c73dbea2ebfdf,contracts/0x1b3efa9a64af24781f4c4e36576c73dbea2ebfdf/runtime-bytecode.hex,59528f03b01b193602c7bd2346e3ebc9a57b48426dcffb3dc8c1af73cd642a8f,9063,False,none,unavailable,0,,,,,,,,contracts/0x1b3efa9a64af24781f4c4e36576c73dbea2ebfdf/verification.json,,2026-08-18T19:11:43+00:00
0x1b48d2ea2f9b868ea2f276b431f49879ae58082d,1,contracts/0x1b48d2ea2f9b868ea2f276b431f49879ae58082d,contracts/0x1b48d2ea2f9b868ea2f276b431f49879ae58082d/runtime-bytecode.hex,548acc6046d2bffdef4feb95ffe5446668c87c6d0c9eccff863540a8be64b841,17361,True,sourcify,exact_match,17,VesperWBTCPlus,solc,0.8.0+commit.c7dfd78e,contracts/0x1b48d2ea2f9b868ea2f276b431f49879ae58082d/abi.json,contracts/0x1b48d2ea2f9b868ea2f276b431f49879ae58082d/metadata.json,contracts/0x1b48d2ea2f9b868ea2f276b431f49879ae58082d/standard-json-input.json,contracts/0x1b48d2ea2f9b868ea2f276b431f49879ae58082d/storage-layout.json,contracts/0x1b48d2ea2f9b868ea2f276b431f49879ae58082d/verification.json,https://sourcify.dev/server/v2/contract/1/0x1b48d2ea2f9b868ea2f276b431f49879ae58082d?fields=all,2026-08-18T19:11:43+00:00
0x1e8fe97b27db8d16e69e1f15069c61fdbe66b66d,1,contracts/0x1e8fe97b27db8d16e69e1f15069c61fdbe66b66d,contracts/0x1e8fe97b27db8d16e69e1f15069c61fdbe66b66d/runtime-bytecode.hex,6581cda9aad54b5603d1e82fd8cdf5c4383ea0c8f9dfda0c5aba521abc2d0675,10854,False,none,unavailable,0,,,,,,,,contracts/0x1e8fe97b27db8d16e69e1f15069c61fdbe66b66d/verification.json,,2026-08-18T19:11:43+00:00
0x204d0e6a1be0d11d88dcb48c69f3180b0f772ce2,1,contracts/0x204d0e6a1be0d11d88dcb48c69f3180b0f772ce2,contracts/0x204d0e6a1be0d11d88dcb48c69f3180b0f772ce2/runtime-bytecode.hex,0844aee005703f50a8d789c4b6227e877a22d20a29fb58b04a6af7a3626cbb20,23931,True,sourcify,exact_match,13,Minter,solc,0.8.7+commit.e28d00a7,contracts/0x204d0e6a1be0d11d88dcb48c69f3180b0f772ce2/abi.json,contracts/0x204d0e6a1be0d11d88dcb48c69f3180b0f772ce2/metadata.json,contracts/0x204d0e6a1be0d11d88dcb48c69f3180b0f772ce2/standard-json-input.json,contracts/0x204d0e6a1be0d11d88dcb48c69f3180b0f772ce2/storage-layout.json,contracts/0x204d0e6a1be0d11d88dcb48c69f3180b0f772ce2/verification.json,https://sourcify.dev/server/v2/contract/1/0x204d0e6a1be0d11d88dcb48c69f3180b0f772ce2?fields=all,2026-08-18T19:11:43+00:00
0x2239eb2fc8b94db19dcae519a93445b97c0a5e22,1,contracts/0x2239eb2fc8b94db19dcae519a93445b97c0a5e22,contracts/0x2239eb2fc8b94db19dcae519a93445b97c0a5e22/runtime-bytecode.hex,12a4507ec38ebad8e594b2d7eb8c675ac1ea19a3a2f45873284ebe4ec35afec0,3828,False,none,unavailable,0,,,,,,,,contracts/0x2239eb2fc8b94db19dcae519a93445b97c0a5e22/verification.json,,2026-08-18T19:11:43+00:00
0x26daa1a88c9b2bcda8b0c928e0024130ede7ca0b,1,contracts/0x26daa1a88c9b2bcda8b0c928e0024130ede7ca0b,contracts/0x26daa1a88c9b2bcda8b0c928e0024130ede7ca0b/runtime-bytecode.hex,8c64658bd56ad582c890a0f037d76a57ed0ebb8f2115a1bc7142e31f9dff91aa,20111,True,sourcify,exact_match,34,MegaForceSentinels,solc,0.8.17+commit.8df45f5f,contracts/0x26daa1a88c9b2bcda8b0c928e0024130ede7ca0b/abi.json,contracts/0x26daa1a88c9b2bcda8b0c928e0024130ede7ca0b/metadata.json,contracts/0x26daa1a88c9b2bcda8b0c928e0024130ede7ca0b/standard-json-input.json,contracts/0x26daa1a88c9b2bcda8b0c928e0024130ede7ca0b/storage-layout.json,contracts/0x26daa1a88c9b2bcda8b0c928e0024130ede7ca0b/verification.json,https://sourcify.dev/server/v2/contract/1/0x26daa1a88c9b2bcda8b0c928e0024130ede7ca0b?fields=all,2026-08-18T19:11:43+00:00
0x28546ea0c2894e4b83f91dc6db52c83d0ca61f0e,1,contracts/0x28546ea0c2894e4b83f91dc6db52c83d0ca61f0e,contracts/0x28546ea0c2894e4b83f91dc6db52c83d0ca61f0e/runtime-bytecode.hex,190d1589c3f735c9774b126f56f75e7a802f992916939b0653738d0b0eb37c05,24195,True,sourcify,match,33,DaoMarketPlace,solc,0.8.13+commit.abaa5c0e,contracts/0x28546ea0c2894e4b83f91dc6db52c83d0ca61f0e/abi.json,contracts/0x28546ea0c2894e4b83f91dc6db52c83d0ca61f0e/metadata.json,contracts/0x28546ea0c2894e4b83f91dc6db52c83d0ca61f0e/standard-json-input.json,contracts/0x28546ea0c2894e4b83f91dc6db52c83d0ca61f0e/storage-layout.json,contracts/0x28546ea0c2894e4b83f91dc6db52c83d0ca61f0e/verification.json,https://sourcify.dev/server/v2/contract/1/0x28546ea0c2894e4b83f91dc6db52c83d0ca61f0e?fields=all,2026-08-18T19:11:43+00:00
0x28ecb9b0fb44873106fc1b31bc9189b3f82cf517,1,contracts/0x28ecb9b0fb44873106fc1b31bc9189b3f82cf517,contracts/0x28ecb9b0fb44873106fc1b31bc9189b3f82cf517/runtime-bytecode.hex,6b8f14e6e1dad26aeadbcee7f2117c99139c353184385d16704116148fbf92c4,10812,True,sourcify,match,1,CrossDelegate,solc,0.4.26+commit.4563c3fc,contracts/0x28ecb9b0fb44873106fc1b31bc9189b3f82cf517/abi.json,contracts/0x28ecb9b0fb44873106fc1b31bc9189b3f82cf517/metadata.json,contracts/0x28ecb9b0fb44873106fc1b31bc9189b3f82cf517/standard-json-input.json,,contracts/0x28ecb9b0fb44873106fc1b31bc9189b3f82cf517/verification.json,https://sourcify.dev/server/v2/contract/1/0x28ecb9b0fb44873106fc1b31bc9189b3f82cf517?fields=all,2026-08-18T19:11:43+00:00
0x2c39cfa826c139ebc98e9ec2cd8a67ea76dba006,1,contracts/0x2c39cfa826c139ebc98e9ec2cd8a67ea76dba006,contracts/0x2c39cfa826c139ebc98e9ec2cd8a67ea76dba006/runtime-bytecode.hex,689bf3780b95ecf63e12074bfbdd5898a6fb2ebeebec9c7ceb9f1f94ecdfd089,2464,True,sourcify,exact_match,17,ProfitRecord,solc,0.8.9+commit.e5eed63a,contracts/0x2c39cfa826c139ebc98e9ec2cd8a67ea76dba006/abi.json,contracts/0x2c39cfa826c139ebc98e9ec2cd8a67ea76dba006/metadata.json,contracts/0x2c39cfa826c139ebc98e9ec2cd8a67ea76dba006/standard-json-input.json,contracts/0x2c39cfa826c139ebc98e9ec2cd8a67ea76dba006/storage-layout.json,contracts/0x2c39cfa826c139ebc98e9ec2cd8a67ea76dba006/verification.json,https://sourcify.dev/server/v2/contract/1/0x2c39cfa826c139ebc98e9ec2cd8a67ea76dba006?fields=all,2026-08-18T19:11:43+00:00
0x2d897534673be5d5b801a7a6be3dab29f8a17e83,1,contracts/0x2d897534673be5d5b801a7a6be3dab29f8a17e83,contracts/0x2d897534673be5d5b801a7a6be3dab29f8a17e83/runtime-bytecode.hex,73ce5735c10c0acfcc5f3853374b60ca24f9d8bb94efc83b0b393a56bd52422b,13824,False,none,unavailable,0,,,,,,,,contracts/0x2d897534673be5d5b801a7a6be3dab29f8a17e83/verification.json,,2026-08-18T19:11:43+00:00
0x2fe3b082c28df92d7e2f9c726a7d0e6cd2c8a061,1,contracts/0x2fe3b082c28df92d7e2f9c726a7d0e6cd2c8a061,contracts/0x2fe3b082c28df92d7e2f9c726a7d0e6cd2c8a061/runtime-bytecode.hex,6c78e0cfbc0ce137dad3efcb2c70a273c9ff2d357d49f40544c1a4be9b1dcb0a,13004,False,none,unavailable,0,,,,,,,,contracts/0x2fe3b082c28df92d7e2f9c726a7d0e6cd2c8a061/verification.json,,2026-08-18T19:11:43+00:00
0x33beeb42544f6276c51e4d29c5d62e226fb337fa,1,contracts/0x33beeb42544f6276c51e4d29c5d62e226fb337fa,contracts/0x33beeb42544f6276c51e4d29c5d62e226fb337fa/runtime-bytecode.hex,1102918538cf772a2f43a5bc7a107b50033280ae6a7e3505fe0fc6a1e93581b5,4902,False,none,unavailable,0,,,,,,,,contracts/0x33beeb42544f6276c51e4d29c5d62e226fb337fa/verification.json,,2026-08-18T19:11:43+00:00
0x3592d5037865f425628583ca1ca3bdc069dfcdd8,1,contracts/0x3592d5037865f425628583ca1ca3bdc069dfcdd8,contracts/0x3592d5037865f425628583ca1ca3bdc069dfcdd8/runtime-bytecode.hex,f26b82009f29edce69ba73bd69d8c0bf1dfe658c3d2044dbf4e5e79f0e3fb50d,13804,True,sourcify,match,1,TrueAUDMock,solc,0.4.23+commit.124ca40d,contracts/0x3592d5037865f425628583ca1ca3bdc069dfcdd8/abi.json,contracts/0x3592d5037865f425628583ca1ca3bdc069dfcdd8/metadata.json,contracts/0x3592d5037865f425628583ca1ca3bdc069dfcdd8/standard-json-input.json,,contracts/0x3592d5037865f425628583ca1ca3bdc069dfcdd8/verification.json,https://sourcify.dev/server/v2/contract/1/0x3592d5037865f425628583ca1ca3bdc069dfcdd8?fields=all,2026-08-18T19:11:43+00:00
0x3747f235d1e7ae96ebd54bc049cc68b2714d7586,1,contracts/0x3747f235d1e7ae96ebd54bc049cc68b2714d7586,contracts/0x3747f235d1e7ae96ebd54bc049cc68b2714d7586/runtime-bytecode.hex,e06a8436398dea9deb1fb77a0de082c985002372c461fac81b2f4109db3a9170,15447,True,sourcify,match,1,Vesting,solc,0.5.8+commit.23d335f2,contracts/0x3747f235d1e7ae96ebd54bc049cc68b2714d7586/abi.json,contracts/0x3747f235d1e7ae96ebd54bc049cc68b2714d7586/metadata.json,contracts/0x3747f235d1e7ae96ebd54bc049cc68b2714d7586/standard-json-input.json,,contracts/0x3747f235d1e7ae96ebd54bc049cc68b2714d7586/verification.json,https://sourcify.dev/server/v2/contract/1/0x3747f235d1e7ae96ebd54bc049cc68b2714d7586?fields=all,2026-08-18T19:11:43+00:00
0x3883f75b2be639f9236ed230dd7202f31eaf38d5,1,contracts/0x3883f75b2be639f9236ed230dd7202f31eaf38d5,contracts/0x3883f75b2be639f9236ed230dd7202f31eaf38d5/runtime-bytecode.hex,95ffc79cd5015cc5c586f14057b7c2cb170fd7a4182cb69837a0934e5a1733c0,6682,True,sourcify,exact_match,11,LockTOSv2Proxy,solc,0.7.6+commit.7338295f,contracts/0x3883f75b2be639f9236ed230dd7202f31eaf38d5/abi.json,contracts/0x3883f75b2be639f9236ed230dd7202f31eaf38d5/metadata.json,contracts/0x3883f75b2be639f9236ed230dd7202f31eaf38d5/standard-json-input.json,contracts/0x3883f75b2be639f9236ed230dd7202f31eaf38d5/storage-layout.json,contracts/0x3883f75b2be639f9236ed230dd7202f31eaf38d5/verification.json,https://sourcify.dev/server/v2/contract/1/0x3883f75b2be639f9236ed230dd7202f31eaf38d5?fields=all,2026-08-18T19:11:43+00:00
0x3884d9ed20b76af88c93f39cf65546f866195b54,1,contracts/0x3884d9ed20b76af88c93f39cf65546f866195b54,contracts/0x3884d9ed20b76af88c93f39cf65546f866195b54/runtime-bytecode.hex,140183a242c62b068faba3ec1c88584511c87a170ea59df589101b093d6185f7,12585,False,none,unavailable,0,,,,,,,,contracts/0x3884d9ed20b76af88c93f39cf65546f866195b54/verification.json,,2026-08-18T19:11:43+00:00
0x4394271f0fa7b20b4a2378269b1ef99ddd4ed543,1,contracts/0x4394271f0fa7b20b4a2378269b1ef99ddd4ed543,contracts/0x4394271f0fa7b20b4a2378269b1ef99ddd4ed543/runtime-bytecode.hex,96acce99823b437d80be0cc9c24c1041cdae76f338cee37ffefcce041cd8df19,10086,False,none,unavailable,0,,,,,,,,contracts/0x4394271f0fa7b20b4a2378269b1ef99ddd4ed543/verification.json,,2026-08-18T19:11:43+00:00
0x43cfeaa64013071d5505acf98b137f74c8ccd423,1,contracts/0x43cfeaa64013071d5505acf98b137f74c8ccd423,contracts/0x43cfeaa64013071d5505acf98b137f74c8ccd423/runtime-bytecode.hex,8761e354790a2dceafe50fcab6a6e1bab794a6e8474c91db97ecd9652a64fd3f,22911,True,sourcify,match,26,RibbonThetaVault,solc,0.7.3+commit.9bfce1f6,contracts/0x43cfeaa64013071d5505acf98b137f74c8ccd423/abi.json,contracts/0x43cfeaa64013071d5505acf98b137f74c8ccd423/metadata.json,contracts/0x43cfeaa64013071d5505acf98b137f74c8ccd423/standard-json-input.json,contracts/0x43cfeaa64013071d5505acf98b137f74c8ccd423/storage-layout.json,contracts/0x43cfeaa64013071d5505acf98b137f74c8ccd423/verification.json,https://sourcify.dev/server/v2/contract/1/0x43cfeaa64013071d5505acf98b137f74c8ccd423?fields=all,2026-08-18T19:11:43+00:00
0x4794387af607b5eb8d65d0ad044d60033c2f1196,1,contracts/0x4794387af607b5eb8d65d0ad044d60033c2f1196,contracts/0x4794387af607b5eb8d65d0ad044d60033c2f1196/runtime-bytecode.hex,4eb19f8c989b6b1f8fd092922eb416afafc9aba0358f276b2b9157ae512a8bf1,21677,True,sourcify,exact_match,15,CurveBTCPlus,solc,0.8.0+commit.c7dfd78e,contracts/0x4794387af607b5eb8d65d0ad044d60033c2f1196/abi.json,contracts/0x4794387af607b5eb8d65d0ad044d60033c2f1196/metadata.json,contracts/0x4794387af607b5eb8d65d0ad044d60033c2f1196/standard-json-input.json,contracts/0x4794387af607b5eb8d65d0ad044d60033c2f1196/storage-layout.json,contracts/0x4794387af607b5eb8d65d0ad044d60033c2f1196/verification.json,https://sourcify.dev/server/v2/contract/1/0x4794387af607b5eb8d65d0ad044d60033c2f1196?fields=all,2026-08-18T19:11:43+00:00
0x49d82927e32138d8d6cedea634231443ee26e00e,1,contracts/0x49d82927e32138d8d6cedea634231443ee26e00e,contracts/0x49d82927e32138d8d6cedea634231443ee26e00e/runtime-bytecode.hex,dc43c0f2b51d497248db0995388b2ef669e38dee3b40d7264f2983b648ce9c88,9452,True,sourcify,exact_match,29,QuirklingsImplementationV2,solc,0.8.17+commit.8df45f5f,contracts/0x49d82927e32138d8d6cedea634231443ee26e00e/abi.json,contracts/0x49d82927e32138d8d6cedea634231443ee26e00e/metadata.json,contracts/0x49d82927e32138d8d6cedea634231443ee26e00e/standard-json-input.json,contracts/0x49d82927e32138d8d6cedea634231443ee26e00e/storage-layout.json,contracts/0x49d82927e32138d8d6cedea634231443ee26e00e/verification.json,https://sourcify.dev/server/v2/contract/1/0x49d82927e32138d8d6cedea634231443ee26e00e?fields=all,2026-08-18T19:11:43+00:00
0x514aabfe54f63d5dc4719d2d26ae9895a1b6350d,1,contracts/0x514aabfe54f63d5dc4719d2d26ae9895a1b6350d,contracts/0x514aabfe54f63d5dc4719d2d26ae9895a1b6350d/runtime-bytecode.hex,3b8c333954da96a4caa5ed6bd32ad17490614e7550c9ad9adce96a549559be17,20274,False,none,unavailable,0,,,,,,,,contracts/0x514aabfe54f63d5dc4719d2d26ae9895a1b6350d/verification.json,,2026-08-18T19:11:43+00:00
0x535640946c6f47806faf036f14d23e85a42c5544,1,contracts/0x535640946c6f47806faf036f14d23e85a42c5544,contracts/0x535640946c6f47806faf036f14d23e85a42c5544/runtime-bytecode.hex,cc126d154b32ceb9c242b6f807f4a826ec95b2c40bfc2ca37fc57c17c90d64d1,10570,True,sourcify,exact_match,24,ENSAvatarMirror,solc,0.8.17+commit.8df45f5f,contracts/0x535640946c6f47806faf036f14d23e85a42c5544/abi.json,contracts/0x535640946c6f47806faf036f14d23e85a42c5544/metadata.json,contracts/0x535640946c6f47806faf036f14d23e85a42c5544/standard-json-input.json,contracts/0x535640946c6f47806faf036f14d23e85a42c5544/storage-layout.json,contracts/0x535640946c6f47806faf036f14d23e85a42c5544/verification.json,https://sourcify.dev/server/v2/contract/1/0x535640946c6f47806faf036f14d23e85a42c5544?fields=all,2026-08-18T19:11:43+00:00
0x55429d416d5b2909454cbdce542fc1577f2d2acd,1,contracts/0x55429d416d5b2909454cbdce542fc1577f2d2acd,contracts/0x55429d416d5b2909454cbdce542fc1577f2d2acd/runtime-bytecode.hex,138b45e27568ac06d3b8ee6ede9c31ef093f53d3d824ef8d237790eef2f61280,9197,False,none,unavailable,0,,,,,,,,contracts/0x55429d416d5b2909454cbdce542fc1577f2d2acd/verification.json,,2026-08-18T19:11:43+00:00
0x5a48866c0faa3947838bd945e85d550d94530ee7,1,contracts/0x5a48866c0faa3947838bd945e85d550d94530ee7,contracts/0x5a48866c0faa3947838bd945e85d550d94530ee7/runtime-bytecode.hex,6417b8cfb297bd350f33cbffbaee9cc6bb3db506818d255ee5139a6c4064cc86,3929,True,sourcify,match,1,ShareholderVomer,solc,0.5.17+commit.d19bba13,contracts/0x5a48866c0faa3947838bd945e85d550d94530ee7/abi.json,contracts/0x5a48866c0faa3947838bd945e85d550d94530ee7/metadata.json,contracts/0x5a48866c0faa3947838bd945e85d550d94530ee7/standard-json-input.json,contracts/0x5a48866c0faa3947838bd945e85d550d94530ee7/storage-layout.json,contracts/0x5a48866c0faa3947838bd945e85d550d94530ee7/verification.json,https://sourcify.dev/server/v2/contract/1/0x5a48866c0faa3947838bd945e85d550d94530ee7?fields=all,2026-08-18T19:11:43+00:00
0x5bfe46a07ce43644e590ad50d1cd0edd23951538,1,contracts/0x5bfe46a07ce43644e590ad50d1cd0edd23951538,contracts/0x5bfe46a07ce43644e590ad50d1cd0edd23951538/runtime-bytecode.hex,d81a72901cdf4043a17ed8a5d5d43e6ae97083c6839e088bf7a8e3853ca94d9c,16193,True,sourcify,match,1,EdgeTokenConstructorUpgrade,solc,0.5.0+commit.1d4f565a,contracts/0x5bfe46a07ce43644e590ad50d1cd0edd23951538/abi.json,contracts/0x5bfe46a07ce43644e590ad50d1cd0edd23951538/metadata.json,contracts/0x5bfe46a07ce43644e590ad50d1cd0edd23951538/standard-json-input.json,,contracts/0x5bfe46a07ce43644e590ad50d1cd0edd23951538/verification.json,https://sourcify.dev/server/v2/contract/1/0x5bfe46a07ce43644e590ad50d1cd0edd23951538?fields=all,2026-08-18T19:11:43+00:00
0x5dba7dfcdbfb8812d30fdd99d9441f8b7a605621,1,contracts/0x5dba7dfcdbfb8812d30fdd99d9441f8b7a605621,contracts/0x5dba7dfcdbfb8812d30fdd99d9441f8b7a605621/runtime-bytecode.hex,c3c3e0bdb6f52cae35d2e69d4e0d042ab5d1fc55c045ad8c5f3b4732ea9a6fba,14228,True,sourcify,match,2,OKBImplementation,solc,0.4.24+commit.e67f0147,contracts/0x5dba7dfcdbfb8812d30fdd99d9441f8b7a605621/abi.json,contracts/0x5dba7dfcdbfb8812d30fdd99d9441f8b7a605621/metadata.json,contracts/0x5dba7dfcdbfb8812d30fdd99d9441f8b7a605621/standard-json-input.json,,contracts/0x5dba7dfcdbfb8812d30fdd99d9441f8b7a605621/verification.json,https://sourcify.dev/server/v2/contract/1/0x5dba7dfcdbfb8812d30fdd99d9441f8b7a605621?fields=all,2026-08-18T19:11:43+00:00
0x5eb5babcefea846b220c82f222f00df95934f5f0,7,contracts/0x5eb5babcefea846b220c82f222f00df95934f5f0,contracts/0x5eb5babcefea846b220c82f222f00df95934f5f0/runtime-bytecode.hex,6a1b7f749b21e2e90ad971d8988746fcde9e50f955ee8ba11f8d6461f2d0658d,24493,True,sourcify,exact_match,36,ERC721Drop,solc,0.8.17+commit.8df45f5f,contracts/0x5eb5babcefea846b220c82f222f00df95934f5f0/abi.json,contracts/0x5eb5babcefea846b220c82f222f00df95934f5f0/metadata.json,contracts/0x5eb5babcefea846b220c82f222f00df95934f5f0/standard-json-input.json,contracts/0x5eb5babcefea846b220c82f222f00df95934f5f0/storage-layout.json,contracts/0x5eb5babcefea846b220c82f222f00df95934f5f0/verification.json,https://sourcify.dev/server/v2/contract/1/0x5eb5babcefea846b220c82f222f00df95934f5f0?fields=all,2026-08-18T19:11:43+00:00
0x62e269cfd1951498d93db8be9003c3f454a126f9,1,contracts/0x62e269cfd1951498d93db8be9003c3f454a126f9,contracts/0x62e269cfd1951498d93db8be9003c3f454a126f9/runtime-bytecode.hex,c85abbf1f71007e393059a73164a5871d732621f4ea31578d819527349d95fcd,9809,True,sourcify,exact_match,21,BibizStakeUpgradeable,solc,0.8.13+commit.abaa5c0e,contracts/0x62e269cfd1951498d93db8be9003c3f454a126f9/abi.json,contracts/0x62e269cfd1951498d93db8be9003c3f454a126f9/metadata.json,contracts/0x62e269cfd1951498d93db8be9003c3f454a126f9/standard-json-input.json,contracts/0x62e269cfd1951498d93db8be9003c3f454a126f9/storage-layout.json,contracts/0x62e269cfd1951498d93db8be9003c3f454a126f9/verification.json,https://sourcify.dev/server/v2/contract/1/0x62e269cfd1951498d93db8be9003c3f454a126f9?fields=all,2026-08-18T19:11:43+00:00
0x6564fe0809e8b520a0e26ee644d98c4ea2c6fb45,1,contracts/0x6564fe0809e8b520a0e26ee644d98c4ea2c6fb45,contracts/0x6564fe0809e8b520a0e26ee644d98c4ea2c6fb45/runtime-bytecode.hex,959375847291ac4d49306b512acad984d4ee429c03c5ef15d6e20db1b2b289d2,6998,True,sourcify,match,1,OperatorVault,solc,0.8.15+commit.e14f2714,contracts/0x6564fe0809e8b520a0e26ee644d98c4ea2c6fb45/abi.json,contracts/0x6564fe0809e8b520a0e26ee644d98c4ea2c6fb45/metadata.json,contracts/0x6564fe0809e8b520a0e26ee644d98c4ea2c6fb45/standard-json-input.json,contracts/0x6564fe0809e8b520a0e26ee644d98c4ea2c6fb45/storage-layout.json,contracts/0x6564fe0809e8b520a0e26ee644d98c4ea2c6fb45/verification.json,https://sourcify.dev/server/v2/contract/1/0x6564fe0809e8b520a0e26ee644d98c4ea2c6fb45?fields=all,2026-08-18T19:11:43+00:00
0x67d6897ec4e903e4163649ac064ae1020635e379,2,contracts/0x67d6897ec4e903e4163649ac064ae1020635e379,contracts/0x67d6897ec4e903e4163649ac064ae1020635e379/runtime-bytecode.hex,118560776779d79e5de2d2ed1ee07f858c9bb5508be3d626d7a9ecfa9f8d1bb6,2905,False,none,unavailable,0,,,,,,,,contracts/0x67d6897ec4e903e4163649ac064ae1020635e379/verification.json,,2026-08-18T19:11:43+00:00
0x72a3409af79fb55c7612304b7ce3e56731ab615d,1,contracts/0x72a3409af79fb55c7612304b7ce3e56731ab615d,contracts/0x72a3409af79fb55c7612304b7ce3e56731ab615d/runtime-bytecode.hex,772de4867a745cf96b190e47a67e8e7e534689c72f62fa3c1b417ba327839b15,13481,False,none,unavailable,0,,,,,,,,contracts/0x72a3409af79fb55c7612304b7ce3e56731ab615d/verification.json,,2026-08-18T19:11:43+00:00
0x76e28a61d9bd58c5ec598a6bc25d8279aea8d2cf,1,contracts/0x76e28a61d9bd58c5ec598a6bc25d8279aea8d2cf,contracts/0x76e28a61d9bd58c5ec598a6bc25d8279aea8d2cf/runtime-bytecode.hex,853c944c49743d21e8cb2599f1e8fa84fd0b48140507e594d1e300a3b76f8ffa,16358,True,sourcify,match,1,TrueFiPool,solc,0.6.10+commit.00c0fcaf,contracts/0x76e28a61d9bd58c5ec598a6bc25d8279aea8d2cf/abi.json,contracts/0x76e28a61d9bd58c5ec598a6bc25d8279aea8d2cf/metadata.json,contracts/0x76e28a61d9bd58c5ec598a6bc25d8279aea8d2cf/standard-json-input.json,contracts/0x76e28a61d9bd58c5ec598a6bc25d8279aea8d2cf/storage-layout.json,contracts/0x76e28a61d9bd58c5ec598a6bc25d8279aea8d2cf/verification.json,https://sourcify.dev/server/v2/contract/1/0x76e28a61d9bd58c5ec598a6bc25d8279aea8d2cf?fields=all,2026-08-18T19:11:43+00:00
0x77521046edd9eb81cffecf55f3aec9bc000d05b2,1,contracts/0x77521046edd9eb81cffecf55f3aec9bc000d05b2,contracts/0x77521046edd9eb81cffecf55f3aec9bc000d05b2/runtime-bytecode.hex,d767b43b0f1b24ab5087745de335905dd3a4cc2430b32f9290844982e95ad15f,11970,False,none,unavailable,0,,,,,,,,contracts/0x77521046edd9eb81cffecf55f3aec9bc000d05b2/verification.json,,2026-08-18T19:11:43+00:00
0x7baad50a656c484330f9e9ae720798edcd739c83,1,contracts/0x7baad50a656c484330f9e9ae720798edcd739c83,contracts/0x7baad50a656c484330f9e9ae720798edcd739c83/runtime-bytecode.hex,0fe92e8aea127a4d9de01a89c4ed217557fd29dc74adfa87b1da751936a7bfa0,3851,False,none,unavailable,0,,,,,,,,contracts/0x7baad50a656c484330f9e9ae720798edcd739c83/verification.json,,2026-08-18T19:11:43+00:00
0x7f1d120750ca4154f0edb37efbf57982ff7a6a5e,1,contracts/0x7f1d120750ca4154f0edb37efbf57982ff7a6a5e,contracts/0x7f1d120750ca4154f0edb37efbf57982ff7a6a5e/runtime-bytecode.hex,cf0d78cce945aefe553064c6e16baa59900c4c213e5b9157cdf0511d8e6f9628,16880,True,sourcify,match,1,OptionFactory,solc,0.6.12+commit.27d51765,contracts/0x7f1d120750ca4154f0edb37efbf57982ff7a6a5e/abi.json,contracts/0x7f1d120750ca4154f0edb37efbf57982ff7a6a5e/metadata.json,contracts/0x7f1d120750ca4154f0edb37efbf57982ff7a6a5e/standard-json-input.json,contracts/0x7f1d120750ca4154f0edb37efbf57982ff7a6a5e/storage-layout.json,contracts/0x7f1d120750ca4154f0edb37efbf57982ff7a6a5e/verification.json,https://sourcify.dev/server/v2/contract/1/0x7f1d120750ca4154f0edb37efbf57982ff7a6a5e?fields=all,2026-08-18T19:11:43+00:00
0x81e66a89696c65d4cb1c17cc477afd6be3348c9f,1,contracts/0x81e66a89696c65d4cb1c17cc477afd6be3348c9f,contracts/0x81e66a89696c65d4cb1c17cc477afd6be3348c9f/runtime-bytecode.hex,19279e531c3d5584444bbddd9af48055d2a8b31c6c7a212cb5327de4ca0c5432,1305,False,none,unavailable,0,,,,,,,,contracts/0x81e66a89696c65d4cb1c17cc477afd6be3348c9f/verification.json,,2026-08-18T19:11:43+00:00
0x8342c92235d044aadebd3c4de858e26696b8a602,1,contracts/0x8342c92235d044aadebd3c4de858e26696b8a602,contracts/0x8342c92235d044aadebd3c4de858e26696b8a602/runtime-bytecode.hex,4e73a98645973afedb2cbcd7d7384bead286a3342c8d8bee989987c0b44c3a17,16590,False,none,unavailable,0,,,,,,,,contracts/0x8342c92235d044aadebd3c4de858e26696b8a602/verification.json,,2026-08-18T19:11:43+00:00
0x8b5c19cdb8afb458bbb3ce53bf1ef1754df09b88,1,contracts/0x8b5c19cdb8afb458bbb3ce53bf1ef1754df09b88,contracts/0x8b5c19cdb8afb458bbb3ce53bf1ef1754df09b88/runtime-bytecode.hex,203a60b87444d9baab66478dc8c6909188fc1b0429e3025d3925dbf400a8b288,16642,True,sourcify,match,2,EGT,solc,0.8.12+commit.f00d7308,contracts/0x8b5c19cdb8afb458bbb3ce53bf1ef1754df09b88/abi.json,contracts/0x8b5c19cdb8afb458bbb3ce53bf1ef1754df09b88/metadata.json,contracts/0x8b5c19cdb8afb458bbb3ce53bf1ef1754df09b88/standard-json-input.json,contracts/0x8b5c19cdb8afb458bbb3ce53bf1ef1754df09b88/storage-layout.json,contracts/0x8b5c19cdb8afb458bbb3ce53bf1ef1754df09b88/verification.json,https://sourcify.dev/server/v2/contract/1/0x8b5c19cdb8afb458bbb3ce53bf1ef1754df09b88?fields=all,2026-08-18T19:11:43+00:00
0x8c1bb096b14cf48ab46a1fe7c8e0c57053ea4519,1,contracts/0x8c1bb096b14cf48ab46a1fe7c8e0c57053ea4519,contracts/0x8c1bb096b14cf48ab46a1fe7c8e0c57053ea4519/runtime-bytecode.hex,a9585cc32a70fddb13d3b2bd043fd3c9d1fd26d422c6e485634f24f2451dd2a6,17650,True,sourcify,match,1,Sales721ForEth,solc,0.6.12+commit.27d51765,contracts/0x8c1bb096b14cf48ab46a1fe7c8e0c57053ea4519/abi.json,contracts/0x8c1bb096b14cf48ab46a1fe7c8e0c57053ea4519/metadata.json,contracts/0x8c1bb096b14cf48ab46a1fe7c8e0c57053ea4519/standard-json-input.json,contracts/0x8c1bb096b14cf48ab46a1fe7c8e0c57053ea4519/storage-layout.json,contracts/0x8c1bb096b14cf48ab46a1fe7c8e0c57053ea4519/verification.json,https://sourcify.dev/server/v2/contract/1/0x8c1bb096b14cf48ab46a1fe7c8e0c57053ea4519?fields=all,2026-08-18T19:11:43+00:00
0x8ee68e86e9f4b7c167e20b198638bec8c46059c2,1,contracts/0x8ee68e86e9f4b7c167e20b198638bec8c46059c2,contracts/0x8ee68e86e9f4b7c167e20b198638bec8c46059c2/runtime-bytecode.hex,09a5f0e2b744bf40c93ebeb04f9afb565208db2a990d46d6ff2618051cba9af8,9437,False,none,unavailable,0,,,,,,,,contracts/0x8ee68e86e9f4b7c167e20b198638bec8c46059c2/verification.json,,2026-08-18T19:11:43+00:00
0x943d71ed2a27e2cab27bb2c79488eec3cd2db33b,1,contracts/0x943d71ed2a27e2cab27bb2c79488eec3cd2db33b,contracts/0x943d71ed2a27e2cab27bb2c79488eec3cd2db33b/runtime-bytecode.hex,857dc0fab6141b601ed1c8b3a47a3b5f2ed2286db76be425ddd2245e7467ffd3,18031,True,sourcify,exact_match,23,Fibswap,solc,0.8.11+commit.d7f03943,contracts/0x943d71ed2a27e2cab27bb2c79488eec3cd2db33b/abi.json,contracts/0x943d71ed2a27e2cab27bb2c79488eec3cd2db33b/metadata.json,contracts/0x943d71ed2a27e2cab27bb2c79488eec3cd2db33b/standard-json-input.json,contracts/0x943d71ed2a27e2cab27bb2c79488eec3cd2db33b/storage-layout.json,contracts/0x943d71ed2a27e2cab27bb2c79488eec3cd2db33b/verification.json,https://sourcify.dev/server/v2/contract/1/0x943d71ed2a27e2cab27bb2c79488eec3cd2db33b?fields=all,2026-08-18T19:11:43+00:00
0x95235173ce34c35e050a97e89ac0d8d7053406ea,1,contracts/0x95235173ce34c35e050a97e89ac0d8d7053406ea,contracts/0x95235173ce34c35e050a97e89ac0d8d7053406ea/runtime-bytecode.hex,dc57805cbb4a8bc0f9bee823ef2ec844bad826fe9d77cb16974f8bf07d579732,7977,False,none,unavailable,0,,,,,,,,contracts/0x95235173ce34c35e050a97e89ac0d8d7053406ea/verification.json,,2026-08-18T19:11:43+00:00
0x970f1299a6a95bcace134814ebc40abb0418cdeb,1,contracts/0x970f1299a6a95bcace134814ebc40abb0418cdeb,contracts/0x970f1299a6a95bcace134814ebc40abb0418cdeb/runtime-bytecode.hex,25afd593c3d357dd128a5e8a2395e07f44490ab087ce24e9897709d5ec089054,7106,True,sourcify,match,1,DfDepositToken,solc,0.5.17+commit.d19bba13,contracts/0x970f1299a6a95bcace134814ebc40abb0418cdeb/abi.json,contracts/0x970f1299a6a95bcace134814ebc40abb0418cdeb/metadata.json,contracts/0x970f1299a6a95bcace134814ebc40abb0418cdeb/standard-json-input.json,contracts/0x970f1299a6a95bcace134814ebc40abb0418cdeb/storage-layout.json,contracts/0x970f1299a6a95bcace134814ebc40abb0418cdeb/verification.json,https://sourcify.dev/server/v2/contract/1/0x970f1299a6a95bcace134814ebc40abb0418cdeb?fields=all,2026-08-18T19:11:43+00:00
0x97d3e5fbcf6dd93a2abfb95a00d2da7199ee3f57,1,contracts/0x97d3e5fbcf6dd93a2abfb95a00d2da7199ee3f57,contracts/0x97d3e5fbcf6dd93a2abfb95a00d2da7199ee3f57/runtime-bytecode.hex,309beb9b64d576c3009e99b134a09fae71ea420575879b22663cc1259ec90772,20832,True,sourcify,exact_match,29,QuantumSpaces,solc,0.8.11+commit.d7f03943,contracts/0x97d3e5fbcf6dd93a2abfb95a00d2da7199ee3f57/abi.json,contracts/0x97d3e5fbcf6dd93a2abfb95a00d2da7199ee3f57/metadata.json,contracts/0x97d3e5fbcf6dd93a2abfb95a00d2da7199ee3f57/standard-json-input.json,contracts/0x97d3e5fbcf6dd93a2abfb95a00d2da7199ee3f57/storage-layout.json,contracts/0x97d3e5fbcf6dd93a2abfb95a00d2da7199ee3f57/verification.json,https://sourcify.dev/server/v2/contract/1/0x97d3e5fbcf6dd93a2abfb95a00d2da7199ee3f57?fields=all,2026-08-18T19:11:43+00:00
0x982edd74fb8a7d04c95eda20e475fc57d92af0a9,1,contracts/0x982edd74fb8a7d04c95eda20e475fc57d92af0a9,contracts/0x982edd74fb8a7d04c95eda20e475fc57d92af0a9/runtime-bytecode.hex,8b0b4bbdd579b5a93b69a0756e92adb822e572d04bf54dcfe818e42f329169e5,14355,True,sourcify,exact_match,14,MEMEKONG,solc,0.8.18+commit.87f61d96,contracts/0x982edd74fb8a7d04c95eda20e475fc57d92af0a9/abi.json,contracts/0x982edd74fb8a7d04c95eda20e475fc57d92af0a9/metadata.json,contracts/0x982edd74fb8a7d04c95eda20e475fc57d92af0a9/standard-json-input.json,contracts/0x982edd74fb8a7d04c95eda20e475fc57d92af0a9/storage-layout.json,contracts/0x982edd74fb8a7d04c95eda20e475fc57d92af0a9/verification.json,https://sourcify.dev/server/v2/contract/1/0x982edd74fb8a7d04c95eda20e475fc57d92af0a9?fields=all,2026-08-18T19:11:43+00:00
0x987411b73708d5746de2c412cc234da90b1245a7,1,contracts/0x987411b73708d5746de2c412cc234da90b1245a7,contracts/0x987411b73708d5746de2c412cc234da90b1245a7/runtime-bytecode.hex,25f04f52ac94a9221ef0e92c413120409ced084e4bd80126d214682527d6f31b,2042,False,none,unavailable,0,,,,,,,,contracts/0x987411b73708d5746de2c412cc234da90b1245a7/verification.json,,2026-08-18T19:11:43+00:00
0x9e05d613e09e878cc14e5c25a79028b8dcff79d3,1,contracts/0x9e05d613e09e878cc14e5c25a79028b8dcff79d3,contracts/0x9e05d613e09e878cc14e5c25a79028b8dcff79d3/runtime-bytecode.hex,74fd1401213e2f54fe54cd960edddd010af7ab2d24d903d5aa9657afad20e24f,15769,True,sourcify,match,24,OTCWrapper,solc,0.8.10+commit.fc410830,contracts/0x9e05d613e09e878cc14e5c25a79028b8dcff79d3/abi.json,contracts/0x9e05d613e09e878cc14e5c25a79028b8dcff79d3/metadata.json,contracts/0x9e05d613e09e878cc14e5c25a79028b8dcff79d3/standard-json-input.json,contracts/0x9e05d613e09e878cc14e5c25a79028b8dcff79d3/storage-layout.json,contracts/0x9e05d613e09e878cc14e5c25a79028b8dcff79d3/verification.json,https://sourcify.dev/server/v2/contract/1/0x9e05d613e09e878cc14e5c25a79028b8dcff79d3?fields=all,2026-08-18T19:11:43+00:00
0xa8e5ea57f875d8cb5700eb270238ce52ede9cad8,1,contracts/0xa8e5ea57f875d8cb5700eb270238ce52ede9cad8,contracts/0xa8e5ea57f875d8cb5700eb270238ce52ede9cad8/runtime-bytecode.hex,74c87970983c756d7f97c2e244d1d04fc3edfe350df90f9ca552cb5e3b1d21ba,19047,True,sourcify,match,5,StakingVault,solc,0.8.4+commit.c7e474f2,contracts/0xa8e5ea57f875d8cb5700eb270238ce52ede9cad8/abi.json,contracts/0xa8e5ea57f875d8cb5700eb270238ce52ede9cad8/metadata.json,contracts/0xa8e5ea57f875d8cb5700eb270238ce52ede9cad8/standard-json-input.json,contracts/0xa8e5ea57f875d8cb5700eb270238ce52ede9cad8/storage-layout.json,contracts/0xa8e5ea57f875d8cb5700eb270238ce52ede9cad8/verification.json,https://sourcify.dev/server/v2/contract/1/0xa8e5ea57f875d8cb5700eb270238ce52ede9cad8?fields=all,2026-08-18T19:11:43+00:00
0xae90a7868c46861912a5cb12c1c5e9d3a1dd3e60,1,contracts/0xae90a7868c46861912a5cb12c1c5e9d3a1dd3e60,contracts/0xae90a7868c46861912a5cb12c1c5e9d3a1dd3e60/runtime-bytecode.hex,b229487044864cbb197aa77e0af28d6d02f1c9ca2dd221877f8ca55854420770,2920,False,none,unavailable,0,,,,,,,,contracts/0xae90a7868c46861912a5cb12c1c5e9d3a1dd3e60/verification.json,,2026-08-18T19:11:43+00:00
0xb2999240765ce4334400ab1d5ef24163c30fb35f,1,contracts/0xb2999240765ce4334400ab1d5ef24163c30fb35f,contracts/0xb2999240765ce4334400ab1d5ef24163c30fb35f/runtime-bytecode.hex,2946bbe9e5c2d16ee6a272decedadac06bad07ca78f21457f94071fa3627ea57,17551,True,sourcify,match,12,ComplianceRegistry,solc,0.6.2+commit.bacdbe57,contracts/0xb2999240765ce4334400ab1d5ef24163c30fb35f/abi.json,contracts/0xb2999240765ce4334400ab1d5ef24163c30fb35f/metadata.json,contracts/0xb2999240765ce4334400ab1d5ef24163c30fb35f/standard-json-input.json,contracts/0xb2999240765ce4334400ab1d5ef24163c30fb35f/storage-layout.json,contracts/0xb2999240765ce4334400ab1d5ef24163c30fb35f/verification.json,https://sourcify.dev/server/v2/contract/1/0xb2999240765ce4334400ab1d5ef24163c30fb35f?fields=all,2026-08-18T19:11:43+00:00
0xb2fd6574bbc7f18d9ebfeca4f7a11dfe4b09d740,1,contracts/0xb2fd6574bbc7f18d9ebfeca4f7a11dfe4b09d740,contracts/0xb2fd6574bbc7f18d9ebfeca4f7a11dfe4b09d740/runtime-bytecode.hex,22755a7bf7368e732e902a6e2c685f7cb043c9be1402fe8bf1a34ae483af8974,13512,True,sourcify,match,1,DfTokenizedDeposit,solc,0.5.17+commit.d19bba13,contracts/0xb2fd6574bbc7f18d9ebfeca4f7a11dfe4b09d740/abi.json,contracts/0xb2fd6574bbc7f18d9ebfeca4f7a11dfe4b09d740/metadata.json,contracts/0xb2fd6574bbc7f18d9ebfeca4f7a11dfe4b09d740/standard-json-input.json,contracts/0xb2fd6574bbc7f18d9ebfeca4f7a11dfe4b09d740/storage-layout.json,contracts/0xb2fd6574bbc7f18d9ebfeca4f7a11dfe4b09d740/verification.json,https://sourcify.dev/server/v2/contract/1/0xb2fd6574bbc7f18d9ebfeca4f7a11dfe4b09d740?fields=all,2026-08-18T19:11:43+00:00
0xb5113245e64e2eed58e683573694c84f4b193fa5,1,contracts/0xb5113245e64e2eed58e683573694c84f4b193fa5,contracts/0xb5113245e64e2eed58e683573694c84f4b193fa5/runtime-bytecode.hex,25a484692d3c17fc5649ac68631553bfa65ccd7faa11c296b737e844e544055e,9444,False,none,unavailable,0,,,,,,,,contracts/0xb5113245e64e2eed58e683573694c84f4b193fa5/verification.json,,2026-08-18T19:11:43+00:00
0xb54d451c9be013425564c2a2065bec0ade4b95af,1,contracts/0xb54d451c9be013425564c2a2065bec0ade4b95af,contracts/0xb54d451c9be013425564c2a2065bec0ade4b95af/runtime-bytecode.hex,8644b2fc9f6c20e866badcb991223cfd89c6382f7b83fec57468f96edc5660f5,6170,True,sourcify,exact_match,17,WAGMIClaimable,solc,0.8.17+commit.8df45f5f,contracts/0xb54d451c9be013425564c2a2065bec0ade4b95af/abi.json,contracts/0xb54d451c9be013425564c2a2065bec0ade4b95af/metadata.json,contracts/0xb54d451c9be013425564c2a2065bec0ade4b95af/standard-json-input.json,contracts/0xb54d451c9be013425564c2a2065bec0ade4b95af/storage-layout.json,contracts/0xb54d451c9be013425564c2a2065bec0ade4b95af/verification.json,https://sourcify.dev/server/v2/contract/1/0xb54d451c9be013425564c2a2065bec0ade4b95af?fields=all,2026-08-18T19:11:43+00:00
0xb8adf0585d263f3ba6f73bce1ccc56b821581ab8,1,contracts/0xb8adf0585d263f3ba6f73bce1ccc56b821581ab8,contracts/0xb8adf0585d263f3ba6f73bce1ccc56b821581ab8/runtime-bytecode.hex,59a34b452856bc1d58eb8d0a4e2ad251afe77a877e93c6a3371a83eb1cf53922,12750,True,sourcify,exact_match,21,LandRegistry,solc,0.8.13+commit.abaa5c0e,contracts/0xb8adf0585d263f3ba6f73bce1ccc56b821581ab8/abi.json,contracts/0xb8adf0585d263f3ba6f73bce1ccc56b821581ab8/metadata.json,contracts/0xb8adf0585d263f3ba6f73bce1ccc56b821581ab8/standard-json-input.json,contracts/0xb8adf0585d263f3ba6f73bce1ccc56b821581ab8/storage-layout.json,contracts/0xb8adf0585d263f3ba6f73bce1ccc56b821581ab8/verification.json,https://sourcify.dev/server/v2/contract/1/0xb8adf0585d263f3ba6f73bce1ccc56b821581ab8?fields=all,2026-08-18T19:11:43+00:00
0xb9ba467bd91aa634e7e3202becc3222644280066,1,contracts/0xb9ba467bd91aa634e7e3202becc3222644280066,contracts/0xb9ba467bd91aa634e7e3202becc3222644280066/runtime-bytecode.hex,2f891cd9a463d71bf0c3ec4cb8acd4d812c0d4f6116c04ce5c0df171b3425fb9,2676,False,none,unavailable,0,,,,,,,,contracts/0xb9ba467bd91aa634e7e3202becc3222644280066/verification.json,,2026-08-18T19:11:43+00:00
0xbd1ab5ed43cd8377c8fa3dbebcd5b466b1beeba0,1,contracts/0xbd1ab5ed43cd8377c8fa3dbebcd5b466b1beeba0,contracts/0xbd1ab5ed43cd8377c8fa3dbebcd5b466b1beeba0/runtime-bytecode.hex,163ab0522e2b219d55694431141db2de20649ae9ece6f03e578868761b84cb9e,5825,False,none,unavailable,0,,,,,,,,contracts/0xbd1ab5ed43cd8377c8fa3dbebcd5b466b1beeba0/verification.json,,2026-08-18T19:11:43+00:00
0xbdadd6dc0a1f8905cc339b9ce0a25208fd2b5da5,1,contracts/0xbdadd6dc0a1f8905cc339b9ce0a25208fd2b5da5,contracts/0xbdadd6dc0a1f8905cc339b9ce0a25208fd2b5da5/runtime-bytecode.hex,9f13624f25554384c247a00c3e2d0a85d1ae80b84b4c392ac7a7a3c4ce424017,1757,False,none,unavailable,0,,,,,,,,contracts/0xbdadd6dc0a1f8905cc339b9ce0a25208fd2b5da5/verification.json,,2026-08-18T19:11:43+00:00
0xbdd20d63ff83f5ce8359ee9c7842b4a621f601c2,1,contracts/0xbdd20d63ff83f5ce8359ee9c7842b4a621f601c2,contracts/0xbdd20d63ff83f5ce8359ee9c7842b4a621f601c2/runtime-bytecode.hex,dbf702cbdc0d32f67a2c527ff0113f7931a194e2e1d38ba8949c55399161ced3,10105,False,none,unavailable,0,,,,,,,,contracts/0xbdd20d63ff83f5ce8359ee9c7842b4a621f601c2/verification.json,,2026-08-18T19:11:43+00:00
0xbe275258013e5bbb740f77fd5c34e424e6841c86,1,contracts/0xbe275258013e5bbb740f77fd5c34e424e6841c86,contracts/0xbe275258013e5bbb740f77fd5c34e424e6841c86/runtime-bytecode.hex,9aac6ec9ffa92ed69f05dcc93fde2c674bcd5993cd08f63bf13dd7de8de7ac2e,2920,False,none,unavailable,0,,,,,,,,contracts/0xbe275258013e5bbb740f77fd5c34e424e6841c86/verification.json,,2026-08-18T19:11:43+00:00
0xc600727f1ce705436734f2367e7fc449da5fb3a6,1,contracts/0xc600727f1ce705436734f2367e7fc449da5fb3a6,contracts/0xc600727f1ce705436734f2367e7fc449da5fb3a6/runtime-bytecode.hex,8f3a0a73767e258d99a5375ccaf2a8f01170b9c0622b36141e453fb4d2d327c0,23133,True,sourcify,exact_match,18,AutoCoinageSnapshot2,solc,0.8.4+commit.c7e474f2,contracts/0xc600727f1ce705436734f2367e7fc449da5fb3a6/abi.json,contracts/0xc600727f1ce705436734f2367e7fc449da5fb3a6/metadata.json,contracts/0xc600727f1ce705436734f2367e7fc449da5fb3a6/standard-json-input.json,contracts/0xc600727f1ce705436734f2367e7fc449da5fb3a6/storage-layout.json,contracts/0xc600727f1ce705436734f2367e7fc449da5fb3a6/verification.json,https://sourcify.dev/server/v2/contract/1/0xc600727f1ce705436734f2367e7fc449da5fb3a6?fields=all,2026-08-18T19:11:43+00:00
0xc83e731e0cab21ce5b0bbbe3252baefd0e11fc03,1,contracts/0xc83e731e0cab21ce5b0bbbe3252baefd0e11fc03,contracts/0xc83e731e0cab21ce5b0bbbe3252baefd0e11fc03/runtime-bytecode.hex,c1a7cbccc73a0224e57e0592ccbc0faccf27890bf167ced5d07fbf6218affe0d,17683,True,sourcify,match,21,SAFU,solc,0.6.10+commit.00c0fcaf,contracts/0xc83e731e0cab21ce5b0bbbe3252baefd0e11fc03/abi.json,contracts/0xc83e731e0cab21ce5b0bbbe3252baefd0e11fc03/metadata.json,contracts/0xc83e731e0cab21ce5b0bbbe3252baefd0e11fc03/standard-json-input.json,contracts/0xc83e731e0cab21ce5b0bbbe3252baefd0e11fc03/storage-layout.json,contracts/0xc83e731e0cab21ce5b0bbbe3252baefd0e11fc03/verification.json,https://sourcify.dev/server/v2/contract/1/0xc83e731e0cab21ce5b0bbbe3252baefd0e11fc03?fields=all,2026-08-18T19:11:43+00:00
0xc9e3d7d8f196a7e915a5c7ce49fde19be7ca35b6,1,contracts/0xc9e3d7d8f196a7e915a5c7ce49fde19be7ca35b6,contracts/0xc9e3d7d8f196a7e915a5c7ce49fde19be7ca35b6/runtime-bytecode.hex,41ed8a9d2036a678db3883fb04100b19b2af68678a738e9833677c593561b65e,7813,True,blockscout,partial_match,20,Bridge,solidity,v0.8.14+commit.80d49f37,contracts/0xc9e3d7d8f196a7e915a5c7ce49fde19be7ca35b6/abi.json,,,,contracts/0xc9e3d7d8f196a7e915a5c7ce49fde19be7ca35b6/verification.json,https://eth.blockscout.com/api/v2/smart-contracts/0xc9e3d7d8f196a7e915a5c7ce49fde19be7ca35b6,2026-08-18T19:11:43+00:00
0xcac49516e6e1c79a62bd67e4d87f7e0d80858258,6,contracts/0xcac49516e6e1c79a62bd67e4d87f7e0d80858258,contracts/0xcac49516e6e1c79a62bd67e4d87f7e0d80858258/runtime-bytecode.hex,2172ffe2fdcceb9450519d06338aa4fc905fb50d4f5aacb3d4865a7696d61df8,20375,True,sourcify,match,1,LoopringAmmPool,solc,0.7.6+commit.7338295f,contracts/0xcac49516e6e1c79a62bd67e4d87f7e0d80858258/abi.json,contracts/0xcac49516e6e1c79a62bd67e4d87f7e0d80858258/metadata.json,contracts/0xcac49516e6e1c79a62bd67e4d87f7e0d80858258/standard-json-input.json,contracts/0xcac49516e6e1c79a62bd67e4d87f7e0d80858258/storage-layout.json,contracts/0xcac49516e6e1c79a62bd67e4d87f7e0d80858258/verification.json,https://sourcify.dev/server/v2/contract/1/0xcac49516e6e1c79a62bd67e4d87f7e0d80858258?fields=all,2026-08-18T19:11:43+00:00
0xcf2bd216729092e9726f21116f380d412bd4a32e,1,contracts/0xcf2bd216729092e9726f21116f380d412bd4a32e,contracts/0xcf2bd216729092e9726f21116f380d412bd4a32e/runtime-bytecode.hex,094dd2c9882d1298e9b4e03cad38eed6d098ad7d3432f18193534ea1355a94be,8635,False,none,unavailable,0,,,,,,,,contracts/0xcf2bd216729092e9726f21116f380d412bd4a32e/verification.json,,2026-08-18T19:11:43+00:00
0xcfdffa11672688131bbeba3af1596055e0fa7498,1,contracts/0xcfdffa11672688131bbeba3af1596055e0fa7498,contracts/0xcfdffa11672688131bbeba3af1596055e0fa7498/runtime-bytecode.hex,5e200d6718a6e02fa003036c5f784795fc64f4ce606ae939d1fa01e38d5c40f2,6682,True,sourcify,match,1,Winner,solc,0.4.24+commit.e67f0147,contracts/0xcfdffa11672688131bbeba3af1596055e0fa7498/abi.json,contracts/0xcfdffa11672688131bbeba3af1596055e0fa7498/metadata.json,contracts/0xcfdffa11672688131bbeba3af1596055e0fa7498/standard-json-input.json,,contracts/0xcfdffa11672688131bbeba3af1596055e0fa7498/verification.json,https://sourcify.dev/server/v2/contract/1/0xcfdffa11672688131bbeba3af1596055e0fa7498?fields=all,2026-08-18T19:11:43+00:00
0xd642b2892f9fd56d2e6290007909940c5bd83ff8,1,contracts/0xd642b2892f9fd56d2e6290007909940c5bd83ff8,contracts/0xd642b2892f9fd56d2e6290007909940c5bd83ff8/runtime-bytecode.hex,e8cd0ee9aa14f08efc41883fdfb726caf9e6cc145844e2e33bddfc47700142ca,10290,False,none,unavailable,0,,,,,,,,contracts/0xd642b2892f9fd56d2e6290007909940c5bd83ff8/verification.json,,2026-08-18T19:11:43+00:00
0xda5c71f78c34f3315eb4458939ad84ee78e0d8e7,1,contracts/0xda5c71f78c34f3315eb4458939ad84ee78e0d8e7,contracts/0xda5c71f78c34f3315eb4458939ad84ee78e0d8e7/runtime-bytecode.hex,e8358bce56a22dc4d4ffc169f295181d701a9b3e05254b694b79bd3a081802c9,8309,False,none,unavailable,0,,,,,,,,contracts/0xda5c71f78c34f3315eb4458939ad84ee78e0d8e7/verification.json,,2026-08-18T19:11:43+00:00
0xdd423fb05fccdfc37ea730b8f7965332c19f25f4,1,contracts/0xdd423fb05fccdfc37ea730b8f7965332c19f25f4,contracts/0xdd423fb05fccdfc37ea730b8f7965332c19f25f4/runtime-bytecode.hex,9859ed131bb8041cbab2127893cb35b464d24f0c74eb4289ab53e8241f72399e,7087,False,none,unavailable,0,,,,,,,,contracts/0xdd423fb05fccdfc37ea730b8f7965332c19f25f4/verification.json,,2026-08-18T19:11:43+00:00
0xe35518c73996fdc7e4db7733d4e98209dd5a1768,1,contracts/0xe35518c73996fdc7e4db7733d4e98209dd5a1768,contracts/0xe35518c73996fdc7e4db7733d4e98209dd5a1768/runtime-bytecode.hex,c2cfd2aa3d04ffe1f59543ddff8209e36425e0ec8b59574ca8572f72f3f7ddf3,2837,True,sourcify,match,1,Vesting,solc,0.6.12+commit.27d51765,contracts/0xe35518c73996fdc7e4db7733d4e98209dd5a1768/abi.json,contracts/0xe35518c73996fdc7e4db7733d4e98209dd5a1768/metadata.json,contracts/0xe35518c73996fdc7e4db7733d4e98209dd5a1768/standard-json-input.json,contracts/0xe35518c73996fdc7e4db7733d4e98209dd5a1768/storage-layout.json,contracts/0xe35518c73996fdc7e4db7733d4e98209dd5a1768/verification.json,https://sourcify.dev/server/v2/contract/1/0xe35518c73996fdc7e4db7733d4e98209dd5a1768?fields=all,2026-08-18T19:11:43+00:00
0xe3b81fa71fc815e233cd5c2fe97f583ebe31b723,1,contracts/0xe3b81fa71fc815e233cd5c2fe97f583ebe31b723,contracts/0xe3b81fa71fc815e233cd5c2fe97f583ebe31b723/runtime-bytecode.hex,abbd122997eee54ab63b543e9396bbd5aed49deabdb8fb1979edd546c18ed521,13356,False,none,unavailable,0,,,,,,,,contracts/0xe3b81fa71fc815e233cd5c2fe97f583ebe31b723/verification.json,,2026-08-18T19:11:43+00:00
0xe53a78e8744568904741d5d0139fad45b1df104b,1,contracts/0xe53a78e8744568904741d5d0139fad45b1df104b,contracts/0xe53a78e8744568904741d5d0139fad45b1df104b/runtime-bytecode.hex,955a10de59e993fd3364ad086ca19a035ee43585e610b9eff41f8eeef3c2952e,20838,True,sourcify,exact_match,20,BadgerRenCrvPlus,solc,0.8.0+commit.c7dfd78e,contracts/0xe53a78e8744568904741d5d0139fad45b1df104b/abi.json,contracts/0xe53a78e8744568904741d5d0139fad45b1df104b/metadata.json,contracts/0xe53a78e8744568904741d5d0139fad45b1df104b/standard-json-input.json,contracts/0xe53a78e8744568904741d5d0139fad45b1df104b/storage-layout.json,contracts/0xe53a78e8744568904741d5d0139fad45b1df104b/verification.json,https://sourcify.dev/server/v2/contract/1/0xe53a78e8744568904741d5d0139fad45b1df104b?fields=all,2026-08-18T19:11:43+00:00
0xe6abfcabe24f06197a7a20dc9c81c251f2862430,4,contracts/0xe6abfcabe24f06197a7a20dc9c81c251f2862430,contracts/0xe6abfcabe24f06197a7a20dc9c81c251f2862430/runtime-bytecode.hex,6ebc0f7f093351005b9e041aad9ac7408d0b79b6b2da83e4b8deb8ed44d6e798,21741,True,sourcify,match,1,LoopringAmmPool,solc,0.7.0+commit.9e61f92b,contracts/0xe6abfcabe24f06197a7a20dc9c81c251f2862430/abi.json,contracts/0xe6abfcabe24f06197a7a20dc9c81c251f2862430/metadata.json,contracts/0xe6abfcabe24f06197a7a20dc9c81c251f2862430/standard-json-input.json,contracts/0xe6abfcabe24f06197a7a20dc9c81c251f2862430/storage-layout.json,contracts/0xe6abfcabe24f06197a7a20dc9c81c251f2862430/verification.json,https://sourcify.dev/server/v2/contract/1/0xe6abfcabe24f06197a7a20dc9c81c251f2862430?fields=all,2026-08-18T19:11:43+00:00
0xee2003f259a882f9ffa3bc2b602b02607462b846,1,contracts/0xee2003f259a882f9ffa3bc2b602b02607462b846,contracts/0xee2003f259a882f9ffa3bc2b602b02607462b846/runtime-bytecode.hex,4fd5dc30823b12d9726c80cac22f2bdf9c651775244be88d6be1ea08de2e5684,6958,False,none,unavailable,0,,,,,,,,contracts/0xee2003f259a882f9ffa3bc2b602b02607462b846/verification.json,,2026-08-18T19:11:43+00:00
0xf335fc85f32d2373a03d2c4ad06b644187780c13,1,contracts/0xf335fc85f32d2373a03d2c4ad06b644187780c13,contracts/0xf335fc85f32d2373a03d2c4ad06b644187780c13/runtime-bytecode.hex,9e2b9b3542883a4a011c01a1cbfae59680a5fdc33912e1493a9814699a55ca41,3383,False,none,unavailable,0,,,,,,,,contracts/0xf335fc85f32d2373a03d2c4ad06b644187780c13/verification.json,,2026-08-18T19:11:43+00:00
0xf61f1450d38848e7df7cc9dfe1019a397c392055,1,contracts/0xf61f1450d38848e7df7cc9dfe1019a397c392055,contracts/0xf61f1450d38848e7df7cc9dfe1019a397c392055/runtime-bytecode.hex,9f4d944d024557a925df323b3afb0ef824a59cacf4adde13e3c68a9b4b72d007,1670,False,none,unavailable,0,,,,,,,,contracts/0xf61f1450d38848e7df7cc9dfe1019a397c392055/verification.json,,2026-08-18T19:11:43+00:00
0xf9e266af4bca5890e2781812cc6a6e89495a79f2,1,contracts/0xf9e266af4bca5890e2781812cc6a6e89495a79f2,contracts/0xf9e266af4bca5890e2781812cc6a6e89495a79f2/runtime-bytecode.hex,74e5883541ea918b0c2dae357920b953302a7685da3d73c2623cfc7fef88174f,2082,True,sourcify,match,1,AuthenticatedProxy,solc,0.4.23+commit.124ca40d,contracts/0xf9e266af4bca5890e2781812cc6a6e89495a79f2/abi.json,contracts/0xf9e266af4bca5890e2781812cc6a6e89495a79f2/metadata.json,contracts/0xf9e266af4bca5890e2781812cc6a6e89495a79f2/standard-json-input.json,,contracts/0xf9e266af4bca5890e2781812cc6a6e89495a79f2/verification.json,https://sourcify.dev/server/v2/contract/1/0xf9e266af4bca5890e2781812cc6a6e89495a79f2?fields=all,2026-08-18T19:11:43+00:00
0xfbf2310fefbe2f8969c58675406db2257ee66733,1,contracts/0xfbf2310fefbe2f8969c58675406db2257ee66733,contracts/0xfbf2310fefbe2f8969c58675406db2257ee66733/runtime-bytecode.hex,405b1caf0b54478d0a3d8a58072ac87d0f59ee16f20950f7703288f92962347b,469,True,sourcify,exact_match,2,PriceOracleDelegate,solc,0.7.6+commit.7338295f,contracts/0xfbf2310fefbe2f8969c58675406db2257ee66733/abi.json,contracts/0xfbf2310fefbe2f8969c58675406db2257ee66733/metadata.json,contracts/0xfbf2310fefbe2f8969c58675406db2257ee66733/standard-json-input.json,contracts/0xfbf2310fefbe2f8969c58675406db2257ee66733/storage-layout.json,contracts/0xfbf2310fefbe2f8969c58675406db2257ee66733/verification.json,https://sourcify.dev/server/v2/contract/1/0xfbf2310fefbe2f8969c58675406db2257ee66733?fields=all,2026-08-18T19:11:43+00:00
