dataset_id,chain_id,network,upgrade_entrypoint_address,proxy_address,upgrade_transaction_hash,upgrade_block_number,upgrade_block_hash,block_timestamp_utc,transaction_sender,upgrade_function,calldata_selector,new_implementation_address,new_implementation_code_size_bytes_latest,receipt_status,upgraded_event_log_index,upgraded_event_matches,source_timestamp_utc,source_timestamp_matches_block,source_dataset,source_commit,source_record_index,selection_rank_sha256,validation_rpc_host,validated_at_utc
SUT-0001,1,ethereum-mainnet,0xfc4cd25ca75b916513360a0458e337d7c79fbe65,0xfc4cd25ca75b916513360a0458e337d7c79fbe65,0x69b550566a573811825a55b4c889520eae288d2db4e5ae82f937755f8aee1adc,6582184,0xea71293d62f9440bc38ce18d9a971814dabc99a6c7cc8c6f1a73a4ae8db5e3a4,2018-10-25 17:31:29 UTC,0x0572aa5d85cc410ae3ba717f765a85f88008260a,upgradeToAndCall,0x4f1ef286,0x33beeb42544f6276c51e4d29c5d62e226fb337fa,4902,success,29,True,2018-10-25 17:31:29 UTC,True,USCDetector,9b2bf71d1929a8bc27c88b52fe9224c24325cd68,0,00bdf720d87c0dd7ddb86e0b26474db17ceb41a3036a3bf6b116bbbf7214a43e,ethereum.publicnode.com,2026-08-18T18:37:12+00:00
SUT-0002,1,ethereum-mainnet,0xd25ba3ee5f67b6b61620406646e709720015550b,0xd25ba3ee5f67b6b61620406646e709720015550b,0x5113ef2cdf3f355864d29bab1cbc42231447a4e566cc20ad60a913011ece8a3c,6605585,0x8889a0bd7fa2656fd0be740ce66b2985232683e437bb2a57d6afa3152391600e,2018-10-29 13:35:40 UTC,0x52386be2397e8eac26298f733b390684203fb580,upgradeTo,0x3659cfe6,0xbdd20d63ff83f5ce8359ee9c7842b4a621f601c2,10105,success,20,True,2018-10-29 13:35:40 UTC,True,USCDetector,9b2bf71d1929a8bc27c88b52fe9224c24325cd68,0,039d8da6331a456244e1a9c8b8af78d867aa2f963096f70aca9e7eb6fa4c6e0f,ethereum.publicnode.com,2026-08-18T18:37:12+00:00
SUT-0003,1,ethereum-mainnet,0x8ebe51a2363fa375d6f5163ec7bbac4a86264aa8,0x8ebe51a2363fa375d6f5163ec7bbac4a86264aa8,0x9b4b52e8267532ed64131110b64e50b5c9e3d1622757c2b287467458aa98948f,6780907,0x4a31148dac544b9d6425c0e3fcacb6595e20d2bff50357077b3d10418a1d7071,2018-11-27 07:18:58 UTC,0x9ecaaf6f3bc5cfaf596ff8317e2ccd688ca40bd7,upgradeTo,0x3659cfe6,0xcfdffa11672688131bbeba3af1596055e0fa7498,6682,success,108,True,2018-11-27 07:18:58 UTC,True,USCDetector,9b2bf71d1929a8bc27c88b52fe9224c24325cd68,0,01b0e88a13b395b8c44e0d207078d289b5d8a824adabe9eee3c6751c6f50c7d3,ethereum.publicnode.com,2026-08-18T18:37:12+00:00
SUT-0004,1,ethereum-mainnet,0xe0a0489d93aeb831a04e8b631ebd9827a4db4a58,0xe0a0489d93aeb831a04e8b631ebd9827a4db4a58,0x79869780f11753cc3e807fd3b4732a6179d0ffa8cdab330eac9265847f9113e7,6938217,0x2e3685c76c291e93ea38b62da45f0f2306e80f20f068d661bde882e116cf8ef6,2018-12-23 11:55:35 UTC,0x52386be2397e8eac26298f733b390684203fb580,upgradeTo,0x3659cfe6,0x4394271f0fa7b20b4a2378269b1ef99ddd4ed543,10086,success,75,True,2018-12-23 11:55:35 UTC,True,USCDetector,9b2bf71d1929a8bc27c88b52fe9224c24325cd68,0,06a09fc5e7dda5cdacbf61260d9b011abd49a74b8f37ffb329c607cd9a3250c4,ethereum.publicnode.com,2026-08-18T18:37:12+00:00
SUT-0005,1,ethereum-mainnet,0x0000000000013949f288172bd7e36837bddc7211,0x0000000000013949f288172bd7e36837bddc7211,0x63bc92616a13fcbccfe0e86b53f1825da9359a5a125cb58bcad416bac1de1740,7530762,0x9bf8689f56a26b30ef78d00b50f42733ddabe2f783af1144d7ff01add7ce9891,2019-04-09 00:42:24 UTC,0x8dc4e7e8dd13fb489070d432dfa89a0b93315d8b,upgradeTo,0x3659cfe6,0x137ceed64037adab752ed4a4afbec1df3d2f0dad,5551,success,26,True,2019-04-09 00:42:24 UTC,True,USCDetector,9b2bf71d1929a8bc27c88b52fe9224c24325cd68,3,0066465b9cfda1503d91ffda5d81a2463e476c91e868b8bbe541b947bc547a3b,ethereum.publicnode.com,2026-08-18T18:37:12+00:00
SUT-0006,1,ethereum-mainnet,0x1201f11744a33fd85da41e1ff8c2e3d24b6dc28a,0x1201f11744a33fd85da41e1ff8c2e3d24b6dc28a,0x7f16cbb87688435ad6c5233c0740587fd19a17aebe8c20b07add35ea8824069f,7531591,0x7fe76c5e91f020eb89012103f64815d0907bb7d1d557e244b636ada98f3d4f7c,2019-04-09 03:49:50 UTC,0xeab53f6f1d50e8ab00c3d894597a024c6826e258,upgradeTo,0x3659cfe6,0x77521046edd9eb81cffecf55f3aec9bc000d05b2,11970,success,39,True,2019-04-09 03:49:50 UTC,True,USCDetector,9b2bf71d1929a8bc27c88b52fe9224c24325cd68,1,021448abd1ba491debb51f41960bf81623773fea1c69608f982d6d986b6c1208,ethereum.publicnode.com,2026-08-18T18:37:12+00:00
SUT-0007,1,ethereum-mainnet,0x45d115c41a1aa899947cf0ea1e04ffe4053daa98,0x45d115c41a1aa899947cf0ea1e04ffe4053daa98,0x74ac6b15f492c58409196022fcb9a60a9f6633b19e05301d6f2121f5f46a443f,7552002,0x6837dc694c54596d37eecf0a2d052de13f9c39135de0e182e4ec6c10b27b8383,2019-04-12 08:16:41 UTC,0x49c977f377b25bbdd45faf8c7026b7350d919079,upgradeToAndCall,0x4f1ef286,0x81e66a89696c65d4cb1c17cc477afd6be3348c9f,1305,success,9,True,2019-04-12 08:16:41 UTC,True,USCDetector,9b2bf71d1929a8bc27c88b52fe9224c24325cd68,0,01adba05c0e9831cb75f0e968a4d213c58680c626aa9121857513952bf8c9744,ethereum.publicnode.com,2026-08-18T18:37:12+00:00
SUT-0008,1,ethereum-mainnet,0xf261477c4d6e6eda4ee4309273ed5ad34f99d741,0xf261477c4d6e6eda4ee4309273ed5ad34f99d741,0xd99a6287a6ff8ae65806237b59e0880a938d11c122a340acf9bd7fec5eea359b,7578661,0x67d1f8f2a3becf7021f25ca93b75d9e9d752ff6b54ad8a46f72aeb0b377314ee,2019-04-16 11:36:32 UTC,0x86709bddfd0104ddcfa19900521f4e708bdb1297,upgradeToAndCall,0x4f1ef286,0xd642b2892f9fd56d2e6290007909940c5bd83ff8,10290,success,7,True,2019-04-16 11:36:32 UTC,True,USCDetector,9b2bf71d1929a8bc27c88b52fe9224c24325cd68,0,003a94f987f1e132f2b44d41f5f2a74257caadbcc38b42bb5b7d3d14b1c349ce,ethereum.publicnode.com,2026-08-18T18:37:12+00:00
SUT-0009,1,ethereum-mainnet,0x00006100f7090010005f1bd7ae6122c3c2cf0090,0x00006100f7090010005f1bd7ae6122c3c2cf0090,0xbf252c93da7540125e2bbbb36b1d6f722d07d94d0ddbfeb1a570d025bcff35f3,7595989,0x5d42a4abbac2d814e2f110cd124b8ce746259aadbc66e59e503919fb1867d6bd,2019-04-19 04:25:04 UTC,0xcdbd95534b5a980f33d1acdee4db7cc1eb8a31de,upgradeTo,0x3659cfe6,0x3592d5037865f425628583ca1ca3bdc069dfcdd8,13804,success,21,True,2019-04-19 04:25:04 UTC,True,USCDetector,9b2bf71d1929a8bc27c88b52fe9224c24325cd68,0,012f4760ad34d37ac959d8f60f605e8e29a276e40ee20de659bcb5db49702d59,ethereum.publicnode.com,2026-08-18T18:37:12+00:00
SUT-0010,1,ethereum-mainnet,0x75231f58b43240c9718dd58b4967c5114342a86c,0x75231f58b43240c9718dd58b4967c5114342a86c,0xc4eb71f5f62bc59418053f2dfc3c299a1c1185e82fc64606686b0c1c9a5e1630,7641788,0xba57f4840170825d8f62d2415520c4ff278b3424fbb1f683a68242ffc232cc38,2019-04-26 08:02:09 UTC,0x4a164ca582d169f7caad471250991dd861dda981,upgradeTo,0x3659cfe6,0x5dba7dfcdbfb8812d30fdd99d9441f8b7a605621,14228,success,3,True,2019-04-26 08:02:09 UTC,True,USCDetector,9b2bf71d1929a8bc27c88b52fe9224c24325cd68,0,021f3f5ef2d0113df755f4cbd907590f25104c245f72355243589c531a91a40e,ethereum.publicnode.com,2026-08-18T18:37:12+00:00
SUT-0011,1,ethereum-mainnet,0x67d26e94055220fbae2805a3b86e5efb78054c53,0x67d26e94055220fbae2805a3b86e5efb78054c53,0x16a01445aad737b1b4a527efae0da1cad69f3d9461f2af75ad6409531ffb37d2,8491880,0xaca4894f1e7eaf940f9925246150c2895ca276f08ed8ac7b13aa7510bc33337b,2019-09-05 19:16:29 UTC,0x4385fd8c8eb16e79f617baf8b8b1355bc7d0a463,upgradeTo,0x3659cfe6,0x3747f235d1e7ae96ebd54bc049cc68b2714d7586,15447,success,244,True,2019-09-05 19:16:29 UTC,True,USCDetector,9b2bf71d1929a8bc27c88b52fe9224c24325cd68,6,036a52b20ef62840fa83552bcf1a1bd80ccf0a524adf47833f5ef92481617cfd,ethereum.publicnode.com,2026-08-18T18:37:12+00:00
SUT-0012,1,ethereum-mainnet,0xbdbc2a5b32f3a5141acd18c39883066e4dab9774,0xbdbc2a5b32f3a5141acd18c39883066e4dab9774,0xe3e5314b0c06ff36cd6ec652a6f540e28ce046514a95129713e4a0c45d5b2cd9,9161601,0xc1d6b5336d6b8f418ada354e57d72ef4164a72d173e64ef03f956d8e84077ee1,2019-12-25 16:41:02 UTC,0x2d9a6742548dffeb9593f9277975f6ac5576dde9,upgradeTo,0x3659cfe6,0x55429d416d5b2909454cbdce542fc1577f2d2acd,9197,success,91,True,2019-12-25 16:41:02 UTC,True,USCDetector,9b2bf71d1929a8bc27c88b52fe9224c24325cd68,2,053fd726cab21cffb02a42c418e944d8771793b5ad23bbff0398914f077e2a18,ethereum.publicnode.com,2026-08-18T18:37:12+00:00
SUT-0013,1,ethereum-mainnet,0xbe1d820489feb6692722041d9f784263a857fe7a,0xbe1d820489feb6692722041d9f784263a857fe7a,0x729d79b1b67368c7c14cb90937fffe0857c2884067a92a7da48580cb32ff2612,10057533,0xbcce3ce56b5ac063497e281c441584331733ed14bab148ceee965d9cebdd2960,2020-05-13 11:27:33 UTC,0xa8d5ea27fa9a5d89aa1d95e3e03f3f4f48f05102,upgradeTo,0x3659cfe6,0x5bfe46a07ce43644e590ad50d1cd0edd23951538,16193,success,82,True,2020-05-13 11:27:33 UTC,True,USCDetector,9b2bf71d1929a8bc27c88b52fe9224c24325cd68,2,06ec9676c91e195e836682905b2197b5f906615dc07f6a343d5207cbb08ec50e,ethereum.publicnode.com,2026-08-18T18:37:12+00:00
SUT-0014,1,ethereum-mainnet,0xb3792897104f0c389ed613cff16c34fb6d4b751d,0xb3792897104f0c389ed613cff16c34fb6d4b751d,0x6bb32837ddea72aaa1da472431cd1db0e8766a63632d1a3348622945ac2ce185,10557151,0x94243586829f0c23434661a16bb4f6f780c5d0051c094d7a591563c1c31b9d38,2020-07-29 22:11:52 UTC,0xbe1a1e7304e397a765ab0837ea2f5cb7b4ca125c,upgradeTo,0x3659cfe6,0x970f1299a6a95bcace134814ebc40abb0418cdeb,7106,success,203,True,2020-07-29 22:11:52 UTC,True,USCDetector,9b2bf71d1929a8bc27c88b52fe9224c24325cd68,0,06844102d431ac58cc3676b6f843c39255c0a0c3bdaf7aeed2d76d53c5d39a84,ethereum.publicnode.com,2026-08-18T18:37:12+00:00
SUT-0015,1,ethereum-mainnet,0xb942ca22e0eb0f2524f53f999ae33fd3b2d58e3e,0xb942ca22e0eb0f2524f53f999ae33fd3b2d58e3e,0x6b0735d30a4d6ec6c5d31c7dcb7df96259fe9b1076cb99528c37931cf976bf5c,10866745,0x931e169f2279df4e516e33e696f67c82cbfdab5c1dd74b529b92f9b4faa882db,2020-09-15 12:54:44 UTC,0xbe1a1e7304e397a765ab0837ea2f5cb7b4ca125c,upgradeTo,0x3659cfe6,0xb2fd6574bbc7f18d9ebfeca4f7a11dfe4b09d740,13512,success,38,True,2020-09-15 12:54:44 UTC,True,USCDetector,9b2bf71d1929a8bc27c88b52fe9224c24325cd68,1,0284d049977ad817d84dda9b13ffa07658b0e1a3ec00c1304b5877f01cbf663f,ethereum.publicnode.com,2026-08-18T18:37:12+00:00
SUT-0016,1,ethereum-mainnet,0x5a209b1aea5c1d7991b7606421144051e84f80e8,0x5a209b1aea5c1d7991b7606421144051e84f80e8,0x9b6e70eead8cb397dbbb83c2105bc986f393d7c1dc0978b5646346dbf8b27ee0,11062380,0x005c7621bb2dbe0ad60ac6bc3da38a3bacf15b9a292756f41dfe4f55ce25ef9f,2020-10-15 19:43:36 UTC,0x7fce1309d90de83569f2aca78a3329da6bf25be0,upgradeTo,0x3659cfe6,0x7f1d120750ca4154f0edb37efbf57982ff7a6a5e,16880,success,29,True,2020-10-15 19:43:36 UTC,True,USCDetector,9b2bf71d1929a8bc27c88b52fe9224c24325cd68,0,0522fa30ac6b9c74c84ca44c88838713bda41a2cf243b0b6e87ad4e93437149e,ethereum.publicnode.com,2026-08-18T18:37:12+00:00
SUT-0017,1,ethereum-mainnet,0x171d39e1c5b8c831468b43800e16406d4e9ec847,0x171d39e1c5b8c831468b43800e16406d4e9ec847,0x0e3a1234e3c1eccca67db117abb1aaf729bdb4f836f56f0adf28980a0aec0e60,11113662,0x6d348072fcb66facb0e4cb130233505cf362ee5174b0144aff4d88774d0b3ef6,2020-10-23 16:31:07 UTC,0x876dc59ef7ec232a681a21b949b2719df366449d,upgradeTo,0x3659cfe6,0x5a48866c0faa3947838bd945e85d550d94530ee7,3929,success,233,True,2020-10-23 16:31:07 UTC,True,USCDetector,9b2bf71d1929a8bc27c88b52fe9224c24325cd68,0,00f83443492b586a6864329967e173f9f16e126c68fe902df8a0d0eba8e8aa86,ethereum.publicnode.com,2026-08-18T18:37:12+00:00
SUT-0018,1,ethereum-mainnet,0x098c34a2ef7be535450bd0a6565e11dda9360224,0x098c34a2ef7be535450bd0a6565e11dda9360224,0xc6bb428ba39693738d1ddf6d0c900ceb6ecd6e77e8fad37e1ffa5f60e2a425b8,11254466,0x594b3011e0be81a1d3e14986ca01a0fa3f30bf0d868f67d87e181f65b82505a0,2020-11-14 07:27:43 UTC,0x2005aebc5af152896452d983b2d68c712c3e0d51,upgradeTo,0x3659cfe6,0xdd423fb05fccdfc37ea730b8f7965332c19f25f4,7087,success,257,True,2020-11-14 07:27:43 UTC,True,USCDetector,9b2bf71d1929a8bc27c88b52fe9224c24325cd68,0,03d39e703960b4bb8d66ed3c96eb377463d1bc3a5676d1da2065e37abd65f6fe,ethereum.publicnode.com,2026-08-18T18:37:12+00:00
SUT-0019,1,ethereum-mainnet,0xa1e72267084192db7387c8cc1328fade470e4149,0xa1e72267084192db7387c8cc1328fade470e4149,0xcad27bcdd558eb565e407163d121b855eb055f51d097f2d093c9e4501a4fb7d5,11280399,0xa910079e4f279d1fd59d99c7dd63956c53d789b99801e758ba6aa3ab1272ba3a,2020-11-18 06:49:38 UTC,0xf6e2da7d82ee49f76ce652bc0beb546cbe0ea521,upgradeTo,0x3659cfe6,0x76e28a61d9bd58c5ec598a6bc25d8279aea8d2cf,16358,success,228,True,2020-11-18 06:49:38 UTC,True,USCDetector,9b2bf71d1929a8bc27c88b52fe9224c24325cd68,0,03e5766d61d2e1f1e129f82e984d1f782f84beb726a8d8f15e20033df5cc9404,ethereum.publicnode.com,2026-08-18T18:37:12+00:00
SUT-0020,1,ethereum-mainnet,0xebfd7b965e1b4c5719a006de1acaf82a7c3a142c,0xebfd7b965e1b4c5719a006de1acaf82a7c3a142c,0x6a9834fa70de40ac0e900b1cf7f82847aac316297c9d829ee6df3601d26c9aa3,11598962,0xba4626f78f230df8fda3e1f387ea3b388f15522284d115708f1efbffcd035ae0,2021-01-06 04:56:39 UTC,0x62f31e08e279f3091d9755a09914df97554eae0b,upgradeTo,0x3659cfe6,0x0bcb3b8becaae10acc13fddc0ab09be3351cd30d,14970,success,77,True,2021-01-06 04:56:39 UTC,True,USCDetector,9b2bf71d1929a8bc27c88b52fe9224c24325cd68,0,029d3c6e9f1277a565866c82ac6642c294cd737ec5b8176a89656222163d915a,ethereum.publicnode.com,2026-08-18T18:37:12+00:00
SUT-0021,1,ethereum-mainnet,0x90d3b66f92ebe388c2812afd85e69e2e57426308,0x90d3b66f92ebe388c2812afd85e69e2e57426308,0xce5d500e5c9d35c9bb5c70a0f190ba06e3d11a0ef79f08f6a29fb791ffb9b728,11618975,0xae344ba7a73a14975ccc2d0c34b1269097eed8c09300024c0c8dc60cc2675483,2021-01-09 06:24:44 UTC,0x1c6027b1d75ab009fcae51a30c0ac7ad9d8ae033,upgradeTo,0x3659cfe6,0xb9ba467bd91aa634e7e3202becc3222644280066,2676,success,55,True,2021-01-09 06:24:44 UTC,True,USCDetector,9b2bf71d1929a8bc27c88b52fe9224c24325cd68,0,063212d9bc849888291cf2b9cf85ca48bbf5a1b05e9429b9b412a063840b6d77,ethereum.publicnode.com,2026-08-18T18:37:12+00:00
SUT-0022,1,ethereum-mainnet,0x2ed5d3fff0eb1451c381ddece244e9b796db7b8a,0x2ed5d3fff0eb1451c381ddece244e9b796db7b8a,0x77c1fa6a5cf343075a091e5dde45aa8e771e134cd85cd48c0a2d85179e2a57f9,11676702,0xf1ab1e0658796dce8fc056c0593c6f0d1b2da3ab1b39c20e574407afcc4fb3c2,2021-01-18 03:06:04 UTC,0x4374d3d032b3c96785094ec9f384f07077792768,upgradeTo,0x3659cfe6,0xe6abfcabe24f06197a7a20dc9c81c251f2862430,21741,success,115,True,2021-01-18 03:06:04 UTC,True,USCDetector,9b2bf71d1929a8bc27c88b52fe9224c24325cd68,2,007a830f5db193c1ae71247cc1f83c00a9608efb19fd8bd2900c7743c9862ced,ethereum.publicnode.com,2026-08-18T18:37:12+00:00
SUT-0023,1,ethereum-mainnet,0x6d2cb724a0cec656d3beafd7626a2273d1c676d9,0x6d2cb724a0cec656d3beafd7626a2273d1c676d9,0xf0a65cacd3ebb9ec439ef6b744cde06fea4425d20e6b7c989dcef90f3e133590,11732939,0xf90522bfaa28fd92ad984a1bb03eeef4b6bd2e2b59cfc599bf1599ab12638893,2021-01-26 18:16:05 UTC,0x6fd6e0fbd3163005d86e4b99f4ca43cc76bf6317,upgradeTo,0x3659cfe6,0x8ee68e86e9f4b7c167e20b198638bec8c46059c2,9437,success,291,True,2021-01-26 18:16:05 UTC,True,USCDetector,9b2bf71d1929a8bc27c88b52fe9224c24325cd68,1,016ff025ebc8481200c76ab9a7a05577eca1a4d65d5c5ae34bd4898c510783d0,ethereum.publicnode.com,2026-08-18T18:37:12+00:00
SUT-0024,1,ethereum-mainnet,0xfceaaaeb8d564a9d0e71ef36f027b9d162bc334e,0xfceaaaeb8d564a9d0e71ef36f027b9d162bc334e,0xd034bc90f1dcaee4d5862fc6a0996742c39d82d8f9ac8e198d268d5fce8ef548,11923978,0x057d0309729af57221ab84d17619a6dbc9df9924fb528555bf1601cbe53105a9,2021-02-25 03:50:48 UTC,0x6318bdf6275b8d5f633a776a4eb1a89936e33b89,upgradeTo,0x3659cfe6,0x28ecb9b0fb44873106fc1b31bc9189b3f82cf517,10812,success,19,True,2021-02-25 03:50:48 UTC,True,USCDetector,9b2bf71d1929a8bc27c88b52fe9224c24325cd68,2,02a32a242b1194a3c470e67a7014bc4a7166760bf300d88d4a21c1f12a10a8a8,ethereum.publicnode.com,2026-08-18T18:37:12+00:00
SUT-0025,1,ethereum-mainnet,0xbbb360538b07b59ba2ca1c9f847c8bc760b8f0d7,0xbbb360538b07b59ba2ca1c9f847c8bc760b8f0d7,0x5d0bc4a112e82e36e9d87a57cbe3083a3c5a3dbfdc966e7bd5725dfb6e749c5c,11926539,0x1788aecd9a7bf70a4bccb7e388a0b2695e718a1ff0fd424cc4c3b640edcd29ed,2021-02-25 13:08:35 UTC,0x4374d3d032b3c96785094ec9f384f07077792768,upgradeTo,0x3659cfe6,0xe6abfcabe24f06197a7a20dc9c81c251f2862430,21741,success,219,True,2021-02-25 13:08:35 UTC,True,USCDetector,9b2bf71d1929a8bc27c88b52fe9224c24325cd68,0,064e926a21e8c9884966e43972c655143a6b838167e5026a3a077f6456fff0f0,ethereum.publicnode.com,2026-08-18T18:37:12+00:00
SUT-0026,1,ethereum-mainnet,0x66fad4ab701ee8c6f9ebef93b634a3e7401aa276,0x66fad4ab701ee8c6f9ebef93b634a3e7401aa276,0x976a0a2fecccc5df0e351ef880c9f5d14d5ecbebaf4155851beee562fc2d0af4,12054853,0x3323fb15fd604f3cc4da8a9bd2bba37c7344b7de208bc2042d8e6c55a810313c,2021-03-17 07:34:35 UTC,0x4374d3d032b3c96785094ec9f384f07077792768,upgradeTo,0x3659cfe6,0xe6abfcabe24f06197a7a20dc9c81c251f2862430,21741,success,18,True,2021-03-17 07:34:35 UTC,True,USCDetector,9b2bf71d1929a8bc27c88b52fe9224c24325cd68,0,0233995bfb2cbe584fb0d86a9eb10f0350092f50e38a657f93da1d884690757b,ethereum.publicnode.com,2026-08-18T18:37:12+00:00
SUT-0027,1,ethereum-mainnet,0x78a58558ca76cf66b6c4d72231cf6529ed5bef29,0x78a58558ca76cf66b6c4d72231cf6529ed5bef29,0x4b074b9bc7fb26ae02ae98ab9949460ca265a1bcb1b8fa4306fd9b64b5f03c60,12105884,0xcab6f0b07800e2808bb7af4653f40be6aea0a81f06cc4c7f7ac85813f513e906,2021-03-25 04:19:27 UTC,0x4374d3d032b3c96785094ec9f384f07077792768,upgradeTo,0x3659cfe6,0xcac49516e6e1c79a62bd67e4d87f7e0d80858258,20375,success,14,True,2021-03-25 04:19:27 UTC,True,USCDetector,9b2bf71d1929a8bc27c88b52fe9224c24325cd68,1,04b54ccd7e9e9e1544a466274eaa5da8962a8675021e03d3a0d6023968eb0e87,ethereum.publicnode.com,2026-08-18T18:37:12+00:00
SUT-0028,1,ethereum-mainnet,0x5f6a9960318903d4205dda6ba45796bc969461b8,0x5f6a9960318903d4205dda6ba45796bc969461b8,0xef6d519f053b7dff25f89a3e6db063f26b70549ca142c39d9ee982c653afaf97,12105925,0x137d689e7ed7bc9c0fe1124654c5db91bde5dff04e9adddc23d73dffe15655e2,2021-03-25 04:27:23 UTC,0x4374d3d032b3c96785094ec9f384f07077792768,upgradeTo,0x3659cfe6,0xcac49516e6e1c79a62bd67e4d87f7e0d80858258,20375,success,3,True,2021-03-25 04:27:23 UTC,True,USCDetector,9b2bf71d1929a8bc27c88b52fe9224c24325cd68,1,04d37d11b09d589bcad746e826e2e8edd9f5d5787dc01de58a7e3e7e663212d1,ethereum.publicnode.com,2026-08-18T18:37:12+00:00
SUT-0029,1,ethereum-mainnet,0xe7e807631f3e807ae20d0e23919db8789680104b,0xe7e807631f3e807ae20d0e23919db8789680104b,0xc1aa30a3989c552aa0132b73f490d2b8c35cfe6b75bc2ccb762fb0ba3feaf7eb,12105939,0xafe503b2387d125e2470f7452e7e90206d8ef8acff3b53e17d24362e4aa1eba7,2021-03-25 04:29:58 UTC,0x4374d3d032b3c96785094ec9f384f07077792768,upgradeTo,0x3659cfe6,0xcac49516e6e1c79a62bd67e4d87f7e0d80858258,20375,success,143,True,2021-03-25 04:29:58 UTC,True,USCDetector,9b2bf71d1929a8bc27c88b52fe9224c24325cd68,1,049d05f4eb00bb165b60b22dd07ec7c9c0ae65946bfe6075fed3251bcf63e77f,ethereum.publicnode.com,2026-08-18T18:37:12+00:00
SUT-0030,1,ethereum-mainnet,0x8572b8a876f47d70128c73bfca049ce00eb77563,0x8572b8a876f47d70128c73bfca049ce00eb77563,0x33d7b8ad3eb46f1932bee802f08c0306a7ab4e4519d1133bc3a05d930616eb3d,12105940,0x4613e71ba9e6b8e08004546d965dc5bd14f65cedd4de6f18cdad743943143837,2021-03-25 04:30:19 UTC,0x4374d3d032b3c96785094ec9f384f07077792768,upgradeTo,0x3659cfe6,0xcac49516e6e1c79a62bd67e4d87f7e0d80858258,20375,success,73,True,2021-03-25 04:30:19 UTC,True,USCDetector,9b2bf71d1929a8bc27c88b52fe9224c24325cd68,1,06200bc57ec39d57bd48e9c7dfcceaef5dace4e555d94f2f494be0cd5b4f2ae3,ethereum.publicnode.com,2026-08-18T18:37:12+00:00
SUT-0031,1,ethereum-mainnet,0x83c11cbfbed2971032d3a1ed2f34d4fb43fe181f,0x83c11cbfbed2971032d3a1ed2f34d4fb43fe181f,0x273c72cdc98e8b0cf6cea30d435780c5e5aa01463d77a0a6b7d60c4ddcab3c2c,12105962,0x178fa206cb3fdb10367eaada10eaefc4454ee933e597d7d60536745127a163e4,2021-03-25 04:36:43 UTC,0x4374d3d032b3c96785094ec9f384f07077792768,upgradeTo,0x3659cfe6,0xcac49516e6e1c79a62bd67e4d87f7e0d80858258,20375,success,228,True,2021-03-25 04:36:43 UTC,True,USCDetector,9b2bf71d1929a8bc27c88b52fe9224c24325cd68,1,047445b3a40bde8e0709fa38c30f91a7258ad4edc6be86ed11d7e45862475026,ethereum.publicnode.com,2026-08-18T18:37:12+00:00
SUT-0032,1,ethereum-mainnet,0x3ec139b45558d1db73b889f887624ef117d28e3b,0x3ec139b45558d1db73b889f887624ef117d28e3b,0x0970bc501ad01c3444846320d7f030d6073bb0c8b03a37eece107ebabd6472ea,12191851,0xd33033ca302e6cfc2bb697b6b69de36c9880663e26d39bde29f551fb01b7c981,2021-04-07 09:23:38 UTC,0x4374d3d032b3c96785094ec9f384f07077792768,upgradeTo,0x3659cfe6,0xe6abfcabe24f06197a7a20dc9c81c251f2862430,21741,success,121,True,2021-04-07 09:23:38 UTC,True,USCDetector,9b2bf71d1929a8bc27c88b52fe9224c24325cd68,0,05991c1ba1908789f2fd81f0c212afc2f61f77b49c4685161d827ab1b6a206fc,ethereum.publicnode.com,2026-08-18T18:37:12+00:00
SUT-0033,1,ethereum-mainnet,0x7ea60fed61f3b242b2012d92bcab5451e10f04f6,0x7ea60fed61f3b242b2012d92bcab5451e10f04f6,0xb5b01a50c3ddd13dba8dfacea23521dd36ed2cc435059a5737d1b1f1ba75d96f,12288951,0x4127513369d8636cda292258d67522885b879ca16f823b95c3cd52310d1b16da,2021-04-22 08:36:00 UTC,0x03c7cf9a445a6fb7bd9340659f2b5f4c7c746814,upgradeTo,0x3659cfe6,0x1b48d2ea2f9b868ea2f276b431f49879ae58082d,17361,success,23,True,2021-04-22 08:36:00 UTC,True,USCDetector,9b2bf71d1929a8bc27c88b52fe9224c24325cd68,1,06d3213882ee994b90e8111975158cb76cd9652f2e4fed41683d527e42a395ad,ethereum.publicnode.com,2026-08-18T18:37:12+00:00
SUT-0034,1,ethereum-mainnet,0x87baa3e048528d21302fb15acd09a4e5cb5098cb,0x87baa3e048528d21302fb15acd09a4e5cb5098cb,0x5ce9511e2e6cd72e015a8a08fb37215edbc63ab69c1bfc471b4ac7be198d686b,12314170,0xbbcdfce0b90ccbccc6cdcf7e13f5d2bd0cabd426dc88760ad9b9c7b0872cffbb,2021-04-26 05:55:33 UTC,0x03c7cf9a445a6fb7bd9340659f2b5f4c7c746814,upgradeTo,0x3659cfe6,0xe53a78e8744568904741d5d0139fad45b1df104b,20838,success,47,True,2021-04-26 05:55:33 UTC,True,USCDetector,9b2bf71d1929a8bc27c88b52fe9224c24325cd68,5,005b520f93abf2f2fc8e883a3a04924fdba20cfdcf550bd1aa00d52df0670e24,ethereum.publicnode.com,2026-08-18T18:37:12+00:00
SUT-0035,1,ethereum-mainnet,0xde79d36ab6d2489dd36729a657a25f299cb2fbca,0xde79d36ab6d2489dd36729a657a25f299cb2fbca,0xbdb032dc9e51230997db970bd3bff4e3e55d0ddf7c657ac8e8cdac091f086208,12438181,0xf60919b115decc3a62ada4599b5ad31bafaaa15cc8d687d4c360623effd73727,2021-05-15 09:31:47 UTC,0x03c7cf9a445a6fb7bd9340659f2b5f4c7c746814,upgradeTo,0x3659cfe6,0x4794387af607b5eb8d65d0ad044d60033c2f1196,21677,success,15,True,2021-05-15 09:31:47 UTC,True,USCDetector,9b2bf71d1929a8bc27c88b52fe9224c24325cd68,0,06d30262f17511562eb61d9fd9b8bee1079206f3d2d80bcf4816787171a5a8cd,ethereum.publicnode.com,2026-08-18T18:37:12+00:00
SUT-0036,1,ethereum-mainnet,0x6c9d4b938a119f91e7eeacd97cb4bed2b8f5d1af,0x6c9d4b938a119f91e7eeacd97cb4bed2b8f5d1af,0xbe26f5d22a7515a13399269908046e8ad8c6c19d244ade809b3600694959d857,12597026,0xe96a7f45c4ac3a61eabf859cef91b5037be4d9573406d3a77da31b1a07dd0080,2021-06-09 00:06:09 UTC,0x46e121f847adbff154a6f9d8abd37ade6db472da,upgradeTo,0x3659cfe6,0x95235173ce34c35e050a97e89ac0d8d7053406ea,7977,success,338,True,2021-06-09 00:06:09 UTC,True,USCDetector,9b2bf71d1929a8bc27c88b52fe9224c24325cd68,5,06b55d1d1161c2a7be830b5fda389fa1adca9bf1addcc21404fdff0135705837,ethereum.publicnode.com,2026-08-18T18:37:12+00:00
SUT-0037,1,ethereum-mainnet,0xb334c7684c8036c6194e4f34f39934d343dd68db,0xb334c7684c8036c6194e4f34f39934d343dd68db,0x4fbdfdbbf8ab3a8e7dada35281714f0bb30db673eba3267bb6605b25eeb3167a,12881250,0x75e84f3525d10df570c424c76c4aea3c6c78c1d7570183173e3dc847728e55ae,2021-07-23 07:18:03 UTC,0xbe7e897f596b08aa8a4a52eefc67899a5204408b,upgradeTo,0x3659cfe6,0x72a3409af79fb55c7612304b7ce3e56731ab615d,13481,success,80,True,2021-07-23 07:18:03 UTC,True,USCDetector,9b2bf71d1929a8bc27c88b52fe9224c24325cd68,0,003c63c28f19829e3dd7e88234f5520680b71322cb7e9d8e2f4be90d65322b92,ethereum.publicnode.com,2026-08-18T18:37:12+00:00
SUT-0038,1,ethereum-mainnet,0x6c187c6c82e41bb9976ff3d0fe0794e8c48c5da5,0x6c187c6c82e41bb9976ff3d0fe0794e8c48c5da5,0xbd90bd74c98f173d047caa1caa9fe13dbadd544a169459fefabcabb177390762,13009643,0x9e43f196e46b82d2c34f9644c7608bd4dd2be2940104347e8e6314255844ddbd,2021-08-12 09:55:29 UTC,0x5f38a8cf7147ef29cb18fe79b2405d1bc45e697c,upgradeTo,0x3659cfe6,0xa8e5ea57f875d8cb5700eb270238ce52ede9cad8,19047,success,278,True,2021-08-12 09:55:29 UTC,True,USCDetector,9b2bf71d1929a8bc27c88b52fe9224c24325cd68,1,00f6aaef0813f383de7c72ad62c61bd270694a7d22944b545053fa44cc91b422,ethereum.publicnode.com,2026-08-18T18:37:12+00:00
SUT-0039,1,ethereum-mainnet,0x1ea63189eb1f4c109b10cf6567f328c826aa6151,0x1ea63189eb1f4c109b10cf6567f328c826aa6151,0x31d6185aae4e6ebe3f3e76d45df2b92956f30ef9f68a9b7c3d02215449a09c18,13086636,0x0d11fb8b4127bbc1d72a3a62b689a31a77aa2d9ff4bf25c3f65ff5c6751fc947,2021-08-24 07:14:20 UTC,0x7dee3c1fe15b6c16622ba2d7f939a2242155654d,upgradeTo,0x3659cfe6,0xc83e731e0cab21ce5b0bbbe3252baefd0e11fc03,17683,success,149,True,2021-08-24 07:14:20 UTC,True,USCDetector,9b2bf71d1929a8bc27c88b52fe9224c24325cd68,0,06f431a801eb34c3765b1564ad41f45b9d312ba9f8a0ad55bc97de4898d16639,ethereum.publicnode.com,2026-08-18T18:37:12+00:00
SUT-0040,1,ethereum-mainnet,0xcfcf97f4300afaa94566696fbf116c4d881fb3bc,0xcfcf97f4300afaa94566696fbf116c4d881fb3bc,0x309de97e35c60c1e1831518c63cee4355aefef295d1afc695c1da3fbbf05eebe,13095242,0xc702236a3a2d6733450be86bbcedb2d3a50c4cd36c2e1f7a70fc4e17f02965ae,2021-08-25 15:11:18 UTC,0x88a9142fa18678003342a8fd706bd301e0fecefd,upgradeTo,0x3659cfe6,0x43cfeaa64013071d5505acf98b137f74c8ccd423,22911,success,519,True,2021-08-25 15:11:18 UTC,True,USCDetector,9b2bf71d1929a8bc27c88b52fe9224c24325cd68,0,03f215779aa30ebcb387073db9a74c0c99bc2950dac188dda8eae2b0202b2927,ethereum.publicnode.com,2026-08-18T18:37:12+00:00
SUT-0041,1,ethereum-mainnet,0xb124190942976431d8181fbe183e44584253da68,0xb124190942976431d8181fbe183e44584253da68,0x8a9713d661cf30659db4c4598f056355b036d8e14b544c0d55e07cd90dfd3a52,13247732,0x552e06d879b68a6668c563c27fcef0de4b0778130d7208b4909180776e54a731,2021-09-18 05:13:07 UTC,0x4374d3d032b3c96785094ec9f384f07077792768,upgradeTo,0x3659cfe6,0xfbf2310fefbe2f8969c58675406db2257ee66733,469,success,395,True,2021-09-18 05:13:07 UTC,True,USCDetector,9b2bf71d1929a8bc27c88b52fe9224c24325cd68,1,005642b1f0bd5d456c9976241a8eb091f91d20f24a4a4113a17527e82718f1c3,ethereum.publicnode.com,2026-08-18T18:37:12+00:00
SUT-0042,1,ethereum-mainnet,0xaeeac2e7a0e2b927b74e9080acadb936437088dd,0xaeeac2e7a0e2b927b74e9080acadb936437088dd,0x07ad6d63ebcda13dc225e91ebec740b185edcd3c579bf830e25a0ef7405c5bbe,13629913,0xb8d466cd9f244ac804223b7f20a5417cdbd78dc1c30f27efacda579cfd8fd78c,2021-11-17 01:02:18 UTC,0x531ed64e65b1d2f569feabbad73bef04ac249378,upgradeTo,0x3659cfe6,0xe35518c73996fdc7e4db7733d4e98209dd5a1768,2837,success,143,True,2021-11-17 01:02:18 UTC,True,USCDetector,9b2bf71d1929a8bc27c88b52fe9224c24325cd68,0,065dc5b2430ef2e61cf2e05625668f8d372aa197d6c3b44c2d4fea05298f1be0,ethereum.publicnode.com,2026-08-18T18:37:12+00:00
SUT-0043,1,ethereum-mainnet,0x06ac0efb3e358528ecd1e7336342c822678dae4d,0x06ac0efb3e358528ecd1e7336342c822678dae4d,0x4c1ebb77d036c51bdc5072dc85dac3131f3baf89d37b0c45c0e722faa5ce008d,14158504,0x6c3d8461e7b3b831600f14804f4a19116233cc1372913bd93c0d0aef9c079f9f,2022-02-07 10:51:39 UTC,0x4374d3d032b3c96785094ec9f384f07077792768,upgradeTo,0x3659cfe6,0xcac49516e6e1c79a62bd67e4d87f7e0d80858258,20375,success,37,True,2022-02-07 10:51:39 UTC,True,USCDetector,9b2bf71d1929a8bc27c88b52fe9224c24325cd68,0,02c41ffbda1d7d15b20a783d470013841df9993e2e58290f7fcfb552a55a0126,ethereum.publicnode.com,2026-08-18T18:37:12+00:00
SUT-0044,1,ethereum-mainnet,0x1c17f00f787b11689c35a74cc043614ca218ff9b,0x1c17f00f787b11689c35a74cc043614ca218ff9b,0xf4d6ff004550a053b983417270f9be30207698c31e05e200d8a75d03f3bf8278,14349646,0x64374c91e6d2e9d59d72e03c43a7d44cd75428693e57fede8353cd03239b8a7f,2022-03-09 01:29:48 UTC,0x066003c1493a346357af15158cd985b4a6e29d3f,upgradeTo,0x3659cfe6,0x8c1bb096b14cf48ab46a1fe7c8e0c57053ea4519,17650,success,133,True,2022-03-09 01:29:48 UTC,True,USCDetector,9b2bf71d1929a8bc27c88b52fe9224c24325cd68,5,004bd8dba509bdf5738d18054b908e441ad50fe4f65e48b9d56b4a05c6885e96,ethereum.publicnode.com,2026-08-18T18:37:12+00:00
SUT-0045,1,ethereum-mainnet,0xb339022c13018556b7c731dbb852493d452bf96f,0xb339022c13018556b7c731dbb852493d452bf96f,0xbb13479233a5c7bce767fb69d2e0f9154a9d8e3e13538956aace48873c6ecc2c,14417292,0xb891eda65105dd9a5160491d4d3c5ca07bffba6eecbf14f202930d5d33a2d0f9,2022-03-19 14:08:24 UTC,0x2a927e4f42d5758d27834f97949bbb292e44fb61,upgradeToAndCall,0x4f1ef286,0xee2003f259a882f9ffa3bc2b602b02607462b846,6958,success,270,True,2022-03-19 14:08:24 UTC,True,USCDetector,9b2bf71d1929a8bc27c88b52fe9224c24325cd68,0,0613d5bc17db986e1221d84d1b48271206ce17f4f27a72a33919e78dd1da6eee,ethereum.publicnode.com,2026-08-18T18:37:12+00:00
SUT-0046,1,ethereum-mainnet,0x23bf44d3c8c82e41d0efaaa9fdc66466c1dd5f6c,0x23bf44d3c8c82e41d0efaaa9fdc66466c1dd5f6c,0x72fd2954cde3a8887b9384c632c20860877464e1bc8791ac068d30eb250ae7ac,14466529,0x1fe8ffd95c8bc1d9b598193d35ec904938ddd94803067f5674227aae70770db7,2022-03-27 06:08:30 UTC,0x1d02982faab9d70d526a0f821ee1c71314fcc218,upgradeTo,0x3659cfe6,0x1a0a086a6ecc74dd0ba1ac82e5fc60003155e632,24451,success,111,True,2022-03-27 06:08:30 UTC,True,USCDetector,9b2bf71d1929a8bc27c88b52fe9224c24325cd68,5,0400e680a054c79aa19627a77e895559f37ce8c72812c832d6bba2fd757b2b14,ethereum.publicnode.com,2026-08-18T18:37:12+00:00
SUT-0047,1,ethereum-mainnet,0xa96259408d26f2693e8d017cd2908e6726cb43e5,0xa96259408d26f2693e8d017cd2908e6726cb43e5,0x9d0df2177df3f92533864a1c93dae8d7ad732359a5a8fe599e4349db6aedf5c2,14495567,0x02dfa3342dad5a7d359b6858f498ea0f43777fe726b9b9ce55c0374cd60c88a9,2022-03-31 18:27:52 UTC,0x117972bce574ec4df255075affb837dcfa5a7600,upgradeTo,0x3659cfe6,0x1e8fe97b27db8d16e69e1f15069c61fdbe66b66d,10854,success,462,True,2022-03-31 18:27:52 UTC,True,USCDetector,9b2bf71d1929a8bc27c88b52fe9224c24325cd68,0,00eb118bf0342ac6b20a57ee775e5057b0e52b7b6c69bf068778398a3cea919b,ethereum.publicnode.com,2026-08-18T18:37:12+00:00
SUT-0048,1,ethereum-mainnet,0x99cfdf48d0ba4885a73786148a2f89d86c702170,0x99cfdf48d0ba4885a73786148a2f89d86c702170,0x8a01d4e01d4e638029542ef7eed378218311eb5242fd24c932a94d5f1cb96fe0,14532371,0x42f0b6110a130f174db2a683914c403767935d5f2400d2602ed45e06954d900a,2022-04-06 12:33:29 UTC,0xec94ad5ab6397cc0cac3cb82daa4faba24a6b1d2,upgradeTo,0x3659cfe6,0x03fa83d1cff019eee2ea1e12e2b8c4f2abcdd709,14941,success,106,True,2022-04-06 12:33:29 UTC,True,USCDetector,9b2bf71d1929a8bc27c88b52fe9224c24325cd68,4,067a8ff9d3c3b5e3cfe6493a6b0e59c9a35eceb262af397ae4d21accb1939e30,ethereum.publicnode.com,2026-08-18T18:37:12+00:00
SUT-0049,1,ethereum-mainnet,0xefaed650f1a94801806bb110019d9b0dc79531a8,0xefaed650f1a94801806bb110019d9b0dc79531a8,0xaab1b151c9ca33bfb676079372842890f9ae005fcd041086f80a5a659b556494,14596685,0xdd804149e19804444d793424033bcdd919904cd81c001c02ac688bd9095f8c1b,2022-04-16 13:43:50 UTC,0xc7d0445ac2947760b3dd388b8586adf079972bf3,upgradeTo,0x3659cfe6,0xb8adf0585d263f3ba6f73bce1ccc56b821581ab8,12750,success,92,True,2022-04-16 13:43:50 UTC,True,USCDetector,9b2bf71d1929a8bc27c88b52fe9224c24325cd68,0,0514af8da6f3885be4de4436a06e5074f7e25cece23267c14077c82357525ff1,ethereum.publicnode.com,2026-08-18T18:37:12+00:00
SUT-0050,1,ethereum-mainnet,0x08fe6f12a05309b9cf6d57f45c8b8f749eda1a8e,0x08fe6f12a05309b9cf6d57f45c8b8f749eda1a8e,0x55cdd41768e51704be5b8d850a2681815c11f52a157b46b5f5ab0671889ef255,14655039,0x8485e7fb13bf5f519d5ee2a7f43257f3f6d2b1a19753832737f409f59e6c3443,2022-04-25 17:16:04 UTC,0x07b34e769e083bc10720e43b6bee6fb2c028290a,upgradeToAndCall,0x4f1ef286,0xcf2bd216729092e9726f21116f380d412bd4a32e,8635,success,238,True,2022-04-25 17:16:04 UTC,True,USCDetector,9b2bf71d1929a8bc27c88b52fe9224c24325cd68,0,02b37857c4403442372d60c3769ece2d2ad9966fd409c49974ee2561aee4bbdc,ethereum.publicnode.com,2026-08-18T18:37:12+00:00
SUT-0051,1,ethereum-mainnet,0x475d7c3545cc1a469fff603863e66fa457dce588,0x475d7c3545cc1a469fff603863e66fa457dce588,0x4dfb88716667f91b2d4f43e25cb573eb4a4de896c27b86fdec00463fc51ac1a5,14668011,0x5b18184c0eda4ec493752ce679a1adb7bf81adf0f4ec1b526180fa5a19b2de0c,2022-04-27 18:01:27 UTC,0xfadedface6e126f2556d679521b4ceea6c372ae7,upgradeTo,0x3659cfe6,0xf335fc85f32d2373a03d2c4ad06b644187780c13,3383,success,103,True,2022-04-27 18:01:27 UTC,True,USCDetector,9b2bf71d1929a8bc27c88b52fe9224c24325cd68,0,04dcb6191fe5c948f2bba72276060963f36c0e3d9d240cad0c6b237942c15992,ethereum.publicnode.com,2026-08-18T18:37:12+00:00
SUT-0052,1,ethereum-mainnet,0xd3d947a2cecf036b9822cacc427107a90b9d802d,0xd3d947a2cecf036b9822cacc427107a90b9d802d,0x256b148f5e929ccedc938d311b1d48ce3840bd8142ac3a6f2454cac3e90e73c6,14732079,0x7433c09765ec11ec3fe586f7d42cfe907b0f782d2602a98b3c1faab3836179ea,2022-05-07 21:07:55 UTC,0x193cf2a0a1e2002b2b19ae05627cc3f72b9824f2,upgradeTo,0x3659cfe6,0xb5113245e64e2eed58e683573694c84f4b193fa5,9444,success,288,True,2022-05-07 21:07:55 UTC,True,USCDetector,9b2bf71d1929a8bc27c88b52fe9224c24325cd68,14,011e7130c23269ad8dcdae79a79d7357858e2e2001606a7f9c26b7fecf051094,ethereum.publicnode.com,2026-08-18T18:37:12+00:00
SUT-0053,1,ethereum-mainnet,0xbc3b75931e827307b6e89682673a00e3502ec4ab,0xbc3b75931e827307b6e89682673a00e3502ec4ab,0x6d6abe57103db0512985c8749dad6a6c8aae39c3e9acc97d10bb6b7bc3180578,14823256,0x744076caae4991bafcec007b5430f952c78a76c2cffe8daf1edd71c2db72afe9,2022-05-22 12:01:34 UTC,0x941bb688715903f9a118d47711a5ba82b0c27167,upgradeTo,0x3659cfe6,0x62e269cfd1951498d93db8be9003c3f454a126f9,9809,success,88,True,2022-05-22 12:01:34 UTC,True,USCDetector,9b2bf71d1929a8bc27c88b52fe9224c24325cd68,15,05c4c2603ee21ae1bc35412e058664a781a470dfec04d6020fe2b41022d66b7f,ethereum.publicnode.com,2026-08-18T18:37:12+00:00
SUT-0054,1,ethereum-mainnet,0x65784b74942b7dc0b411a967018f3d20a7678b89,0x65784b74942b7dc0b411a967018f3d20a7678b89,0xad7801a9d8f030dfe03418d76bb96fd99a36cef2ea04f1a83ec7aaca0d35eead,15031671,0x1dd20f88cac8fb5c74a451009ae217d009eaef0fe2384b30b395a677ac41fedc,2022-06-27 00:37:03 UTC,0xa94b4ff74b5d6ee8aab911d64eb22c6a689bdf01,upgradeTo,0x3659cfe6,0xbe275258013e5bbb740f77fd5c34e424e6841c86,2920,success,34,True,2022-06-27 00:37:03 UTC,True,USCDetector,9b2bf71d1929a8bc27c88b52fe9224c24325cd68,0,06ecd553d6d846963cfe15278b4fd06c56ab4506ec85eb6f6260011faa05b75c,ethereum.publicnode.com,2026-08-18T18:37:12+00:00
SUT-0055,1,ethereum-mainnet,0xdb97042c66a41740cd5c58bcf934151f9e09ca6f,0xdb97042c66a41740cd5c58bcf934151f9e09ca6f,0x80c34680c122247521758501643c42fa226f0e7047d1e994c9c167b5b77a1bbc,15100626,0x4082e6cd65967d17daee07ae38d19e067a1698a478daa416f6c27144a9c49fa2,2022-07-08 07:40:24 UTC,0x12ec98f3475f721d774b717a02bcf70ffe51da67,upgradeTo,0x3659cfe6,0x2c39cfa826c139ebc98e9ec2cd8a67ea76dba006,2464,success,109,True,2022-07-08 07:40:24 UTC,True,USCDetector,9b2bf71d1929a8bc27c88b52fe9224c24325cd68,0,060c63420be3697ca27bca8d65fd6734141b85fb28dace2f480b8bb9e2bf867d,ethereum.publicnode.com,2026-08-18T18:37:12+00:00
SUT-0056,1,ethereum-mainnet,0x0cace321dfc4c4be961b9b486f0b03f6285b68a2,0x0cace321dfc4c4be961b9b486f0b03f6285b68a2,0x0abf34553f4e42de262801ad01f4236daf2433ac42d9ae4052d57e085130e777,15123051,0x04180401bcc6a90d72f381d2b2f88457b6d138a5a85937631fbf26040698a5f6,2022-07-11 18:50:34 UTC,0x55f28f10f0c734e5fb5e15cdb5628ea2391b90eb,upgradeTo,0x3659cfe6,0x943d71ed2a27e2cab27bb2c79488eec3cd2db33b,18031,success,399,True,2022-07-11 18:50:34 UTC,True,USCDetector,9b2bf71d1929a8bc27c88b52fe9224c24325cd68,2,02af6fd56171bc0aa0654aef596f7ae8f77e347ab00cac0d7035d50567f18740,ethereum.publicnode.com,2026-08-18T18:37:12+00:00
SUT-0057,1,ethereum-mainnet,0xae34392d12942b3deee5265e6c2c773198ff2da5,0xae34392d12942b3deee5265e6c2c773198ff2da5,0xc265093a50fb1df96ce00e2d615d1cfce1404da70ed7bbcc2224624e45aace51,15257683,0xf1b9647a504409dbabb05ae1bb659607be4c1a4de5b9deaed16ed3ac6f8be724,2022-08-01 16:13:20 UTC,0x0a35c0d624855cf97e8eeb1ab2b0b53c6280d317,upgradeTo,0x3659cfe6,0x3884d9ed20b76af88c93f39cf65546f866195b54,12585,success,320,True,2022-08-01 16:13:20 UTC,True,USCDetector,9b2bf71d1929a8bc27c88b52fe9224c24325cd68,0,02a863a5ba0cfbd8f7073a6db67a39ad328e785d4ff8c798969262a96e1c4aef,ethereum.publicnode.com,2026-08-18T18:37:12+00:00
SUT-0058,1,ethereum-mainnet,0x9e9f4b105e10a66b27c771811ce4defbd44567d2,0x9e9f4b105e10a66b27c771811ce4defbd44567d2,0x78818534a2f1813ba5ed021a5e9beb3e57185a77c90e2b1382751b1e2ac86d5f,15295122,0xaaac5fcd40086c317e8c290f40fc037911893decbe159213253cbb3211e9c5c1,2022-08-07 12:20:41 UTC,0x664d0ef3b60246513323ca063304fe909b7d4bdf,upgradeTo,0x3659cfe6,0x2239eb2fc8b94db19dcae519a93445b97c0a5e22,3828,success,147,True,2022-08-07 12:20:41 UTC,True,USCDetector,9b2bf71d1929a8bc27c88b52fe9224c24325cd68,4,02f6765a39deea8404fa871c3debf18b8b7c03689ddbadc7b501b37c43776b90,ethereum.publicnode.com,2026-08-18T18:37:12+00:00
SUT-0059,1,ethereum-mainnet,0x5009937f4efc9100cd9a556f9a1af96c91fdc231,0x5009937f4efc9100cd9a556f9a1af96c91fdc231,0x4bcdb6a015d928a638fe1b532e710eba557b8237b6bb679096f7e2d26fb15f22,15325045,0x1f8c2b6bdfd4078c687d5d5f465b897fb250c5a3b4860899d6a743ecdc5d9393,2022-08-12 05:00:05 UTC,0x9780df1261b645d30b4618c0a061447f24feae30,upgradeTo,0x3659cfe6,0x8342c92235d044aadebd3c4de858e26696b8a602,16590,success,22,True,2022-08-12 05:00:05 UTC,True,USCDetector,9b2bf71d1929a8bc27c88b52fe9224c24325cd68,0,0713f963d87817ccec79b2dd16572708c783ce734634f4e3eb4a4a92e0355037,ethereum.publicnode.com,2026-08-18T18:37:12+00:00
SUT-0060,1,ethereum-mainnet,0x4f934ba44808e0f9d60717762716de52af9a6543,0x4f934ba44808e0f9d60717762716de52af9a6543,0x1275b023c97d7df6ce93c7517f976cc5a97ec6c69a320cc4bf1233486f04ce77,15398221,0x68bb04e98a9949fb95cfc19778b3875b0353d6dad22c9a6f80b3e12de18de0a7,2022-08-23 18:25:10 UTC,0x7437d4f07fc6627ba32301db10480e75d66685ad,upgradeTo,0x3659cfe6,0xc9e3d7d8f196a7e915a5c7ce49fde19be7ca35b6,7813,success,5,True,2022-08-23 18:25:10 UTC,True,USCDetector,9b2bf71d1929a8bc27c88b52fe9224c24325cd68,0,01567168cca7edad10dd890461d9a4802c5e7647c43d76c4c0763d32025959cd,ethereum.publicnode.com,2026-08-18T18:37:12+00:00
SUT-0061,1,ethereum-mainnet,0x07619a804931f503e6bd00bc8c575322acc55a24,0x07619a804931f503e6bd00bc8c575322acc55a24,0xa8864e7e9315b92f3a08a9c80a2db5475238932b5ed9be113a230517c4f8612f,15408066,0x559c7bf869eff2c2e3e8ed2377c9a27b06dd9466a173fc30a5914e2c919c9a4b,2022-08-25 08:26:10 UTC,0xb504715f7240297f9771a8c1e75dfdb9cb481230,upgradeTo,0x3659cfe6,0x204d0e6a1be0d11d88dcb48c69f3180b0f772ce2,23931,success,1,True,2022-08-25 08:26:10 UTC,True,USCDetector,9b2bf71d1929a8bc27c88b52fe9224c24325cd68,0,0110de62f2ecc54d366b3289a922df184964fb0caec951971ae99cc741efd507,ethereum.publicnode.com,2026-08-18T18:37:12+00:00
SUT-0062,1,ethereum-mainnet,0x2161c88dc5a5b82e4988661be66ad95edef3c3f2,0x2161c88dc5a5b82e4988661be66ad95edef3c3f2,0x41ca8b5cd01f27cf6c6d3922464a10da2e7a509ea6a5325c740a822068e6a2aa,15408943,0x630aaf4f9606761bcfdb87f10f6528731d5d2a72d1b0364e878150d0718e6c58,2022-08-25 11:50:25 UTC,0x5be6258ef0909206bee8a1bb30d7213c23f1e900,upgradeTo,0x3659cfe6,0x2fe3b082c28df92d7e2f9c726a7d0e6cd2c8a061,13004,success,69,True,2022-08-25 11:50:25 UTC,True,USCDetector,9b2bf71d1929a8bc27c88b52fe9224c24325cd68,0,04a03d2aeae86d3fcc64ef661be8957f8cd9d3bcdbf1c54d7ed3c692a9818e2f,ethereum.publicnode.com,2026-08-18T18:37:12+00:00
SUT-0063,1,ethereum-mainnet,0x5b97684a8d8ef27bdf3e1100df807a539a6a78a3,0x5b97684a8d8ef27bdf3e1100df807a539a6a78a3,0x73b4e502182957d9485721ce2e2ed36025bb2fa4a276740327ae1dfafce464d1,15435001,0x3a7d57cd1f30dfb2015c43059e6eafd5ab84248ff129738fc3312998244d8b41,2022-08-29 15:53:51 UTC,0x066003c1493a346357af15158cd985b4a6e29d3f,upgradeTo,0x3659cfe6,0x1b3efa9a64af24781f4c4e36576c73dbea2ebfdf,9063,success,100,True,2022-08-29 15:53:51 UTC,True,USCDetector,9b2bf71d1929a8bc27c88b52fe9224c24325cd68,0,010eb5e28d4920fe489e6f41ad5787544169863e0a6b35f870e5ae7494268138,ethereum.publicnode.com,2026-08-18T18:37:12+00:00
SUT-0064,1,ethereum-mainnet,0xdac5c067c5b49f8f689073d11cf4f0ade4a31587,0xdac5c067c5b49f8f689073d11cf4f0ade4a31587,0x8c81b77947260a9b81b36d42f28e3dc2cb72900ec55b9e708ab968660e4174ef,15441732,0x23984797cadfe2d950624d0c6f6e855b773669185f6378ef6ab3c467de413f6d,2022-08-30 17:46:12 UTC,0x5a449b37a73ead94a23927a26b81adb50ff51874,upgradeTo,0x3659cfe6,0x0cb95a8577f694d741be100fdb3efab369ecc945,12211,success,201,True,2022-08-30 17:46:12 UTC,True,USCDetector,9b2bf71d1929a8bc27c88b52fe9224c24325cd68,2,0623daa72c3936b9c140e6ef6484e4719a17568e8b3afcbb15b976df036f40cf,ethereum.publicnode.com,2026-08-18T18:37:12+00:00
SUT-0065,1,ethereum-mainnet,0x9d54f5addd58a54d7cdc757e425e31d63c9b0698,0x9d54f5addd58a54d7cdc757e425e31d63c9b0698,0xc47a79da82206298e1b224de4e73ddeda04103975bed002d14d422271d02c770,15624031,0x3257edea1c573a05f28af9bbb2694c1da908e33b1cfd4226826e7521f1964774,2022-09-27 10:15:11 UTC,0xfd8e43431bcdc2b42a28a95818077af7924c8f83,upgradeTo,0x3659cfe6,0xae90a7868c46861912a5cb12c1c5e9d3a1dd3e60,2920,success,79,True,2022-09-27 10:15:11 UTC,True,USCDetector,9b2bf71d1929a8bc27c88b52fe9224c24325cd68,0,02a9d065eeeb3760559c961497de8d7d7db2c3bce54d965919d17636f7e5659d,ethereum.publicnode.com,2026-08-18T18:37:12+00:00
SUT-0066,1,ethereum-mainnet,0x8c7a57f5288a0dedd56f5e546e370726520a656c,0x8c7a57f5288a0dedd56f5e546e370726520a656c,0xcf829ce567c96c59ee81829c048dc8e2e13014d1c1dde8ff7098d4771b39ddda,15632496,0x0ca6e2d878973e0f9ef1f05defec002dcd9359ca5e0e3e8ad01a0a47522bf4dc,2022-09-28 14:40:59 UTC,0x6d3b7fd0feb6efacd56e412ac58ccf48d31e4ed4,upgradeTo,0x3659cfe6,0x514aabfe54f63d5dc4719d2d26ae9895a1b6350d,20274,success,215,True,2022-09-28 14:40:59 UTC,True,USCDetector,9b2bf71d1929a8bc27c88b52fe9224c24325cd68,0,035679b98d62eb1983517be44f46c0848ddb1fa0b7eed01bd61f8161eb6e801d,ethereum.publicnode.com,2026-08-18T18:37:12+00:00
SUT-0067,1,ethereum-mainnet,0x4711f5c488459730923b791df20d08400975dfbb,0x4711f5c488459730923b791df20d08400975dfbb,0x25137bb5e4fea73263cc78b5291e7d001b3c2de88cc19048ff26a80f7ddf2bc5,15660460,0xaee97c742815d571f92a198ea869f269fc728ee19bf2ba63c0d20fcbf89535c7,2022-10-02 12:28:23 UTC,0x7d3e5dd617eaf4a3d42ea550c41097086605c4af,upgradeTo,0x3659cfe6,0xb54d451c9be013425564c2a2065bec0ade4b95af,6170,success,191,True,2022-10-02 12:28:23 UTC,True,USCDetector,9b2bf71d1929a8bc27c88b52fe9224c24325cd68,0,01cfa759ec3826ccd07a673e932a1a1b73d6e5deb402494116ea9df3799b0946,ethereum.publicnode.com,2026-08-18T18:37:12+00:00
SUT-0068,1,ethereum-mainnet,0x4b9e6ea8387b17573f7af897681286b4652230cd,0x4b9e6ea8387b17573f7af897681286b4652230cd,0x7d69303018de2c7c840fbf323c95ff3742f44359bbba2df004c153113fe26770,15783626,0x355fae7881ce1c5d3e071b3b9b304b8be962d07b5e9df98de49491d1491a1554,2022-10-19 17:24:35 UTC,0xc5c721caa3cad959818e891b533a34c37946e9bf,upgradeTo,0x3659cfe6,0x97d3e5fbcf6dd93a2abfb95a00d2da7199ee3f57,20832,success,326,True,2022-10-19 17:24:35 UTC,True,USCDetector,9b2bf71d1929a8bc27c88b52fe9224c24325cd68,3,02fbce7dfb7ff8bd552e82180e7609410b37801313ffbcc541d45779dad33480,ethereum.publicnode.com,2026-08-18T18:37:12+00:00
SUT-0069,1,ethereum-mainnet,0x630a826104729fca55e7aaf4349e8596afb910c7,0x630a826104729fca55e7aaf4349e8596afb910c7,0x1655ea236811561f28099b40dbed75dfe058636401034814b02384e175a207cc,15818480,0x964bd6e04314d5ff76a457a079a05cb8c8ff5dc5f6f3428880a9860cc8fb1e56,2022-10-24 14:12:47 UTC,0xf8515f66369b9c8806c9c7e2b464bf0032ff9946,upgradeTo,0x3659cfe6,0x0c763c902a2d4a0e841ab8dc73a36fa776915950,2920,success,85,True,2022-10-24 14:12:47 UTC,True,USCDetector,9b2bf71d1929a8bc27c88b52fe9224c24325cd68,0,04887ebcbe9ec5a695315fa37fa96be89205238adbb12a69a979248c494a9df6,ethereum.publicnode.com,2026-08-18T18:37:12+00:00
SUT-0070,1,ethereum-mainnet,0x335d4cc2a9210048ad7a1b2c83ad61fff7702543,0x335d4cc2a9210048ad7a1b2c83ad61fff7702543,0x4779c730863d6f5865789906a4fcb3cea3de74e9826dddb84f0388e037ac8526,15840506,0x0c7dca5290e0a7738b72f0ac894c99c0f53deb06af6e5d00aa574f840da4b7d9,2022-10-27 16:08:47 UTC,0xc458e1a4ec03c5039fbf38221c54be4e63731e2a,upgradeTo,0x3659cfe6,0xf9e266af4bca5890e2781812cc6a6e89495a79f2,2082,success,173,True,2022-10-27 16:08:47 UTC,True,USCDetector,9b2bf71d1929a8bc27c88b52fe9224c24325cd68,1,03bde68a14d5826907bc8f55e226be51dda7acc1470fe9e3c16f1e12a1b79fd2,ethereum.publicnode.com,2026-08-18T18:37:12+00:00
SUT-0071,1,ethereum-mainnet,0x450e7f6e3a2f247a51b98c39297a9a5bfbdb3170,0x450e7f6e3a2f247a51b98c39297a9a5bfbdb3170,0x9ceb07e016d13e761e0559c019f11563ba9f8e561bcb7e4e847366201bb6b804,15957202,0x8c1303ad668c4a1dcbd0834874d6e40407285b46180a7cc2713c6d0503da6372,2022-11-12 23:24:23 UTC,0xada8874a3765a5e4bb5c15f76d3de4c4971b6dd7,upgradeTo,0x3659cfe6,0x8b5c19cdb8afb458bbb3ce53bf1ef1754df09b88,16642,success,246,True,2022-11-12 23:24:23 UTC,True,USCDetector,9b2bf71d1929a8bc27c88b52fe9224c24325cd68,3,01da8c7e5eca57d703bde671aea55fc8c469260b1c5394e2120ec4568be3041f,ethereum.publicnode.com,2026-08-18T18:37:12+00:00
SUT-0072,1,ethereum-mainnet,0x69b4a202fa4039b42ab23adb725aa7b1e9eebd79,0x69b4a202fa4039b42ab23adb725aa7b1e9eebd79,0x2ea235645e45bd3660a9e3b2d3687d8b3cea58e969d8b0cee9994ec12ed50ea2,15972329,0x19aa8c8b5dce41f8889e3cb80cf53e73cc5ff9666c7eabbfcaf276ff652a37de,2022-11-15 02:03:11 UTC,0x15280a52e79fd4ab35f4b9acbb376dcd72b44fd1,upgradeTo,0x3659cfe6,0x3883f75b2be639f9236ed230dd7202f31eaf38d5,6682,success,117,True,2022-11-15 02:03:11 UTC,True,USCDetector,9b2bf71d1929a8bc27c88b52fe9224c24325cd68,0,04c093b076870d80a3864e2e97d3c356015bfc818adb3fc1a865ac0815060a51,ethereum.publicnode.com,2026-08-18T18:37:12+00:00
SUT-0073,1,ethereum-mainnet,0xb5c9985dc029b37d756938745760747b62ff46f9,0xb5c9985dc029b37d756938745760747b62ff46f9,0xc177697c2bfdce6f98e1cc5f060ad64c2957b5ece6f586a4318aaf1a967fa824,15973949,0xf02996b8205442bf7d91b1b6338bb5ca5eee1f525ebfee6d2f84edd0f391f533,2022-11-15 07:28:59 UTC,0x066003c1493a346357af15158cd985b4a6e29d3f,upgradeTo,0x3659cfe6,0xe3b81fa71fc815e233cd5c2fe97f583ebe31b723,13356,success,420,True,2022-11-15 07:28:59 UTC,True,USCDetector,9b2bf71d1929a8bc27c88b52fe9224c24325cd68,7,0498fed1a6d97609a09a60ada210d45342f629cee432c2fcc9cf793a578964ff,ethereum.publicnode.com,2026-08-18T18:37:12+00:00
SUT-0074,1,ethereum-mainnet,0x396714fa7c538a7a33fc50f38069d7a3e5ac1d62,0x396714fa7c538a7a33fc50f38069d7a3e5ac1d62,0x7787ff8f8d4027cd728cc5a1c0bbdb4dd11c519e8cb3ec3d7e9d9258d91e7052,15984289,0x50317d404fcdf180eb7489f07e88211b4d34947fc8c794d911d524b160e161af,2022-11-16 18:12:23 UTC,0x318a7c7d96922ca76d6c4c8bf74dbd51a1445c58,upgradeTo,0x3659cfe6,0x2d897534673be5d5b801a7a6be3dab29f8a17e83,13824,success,24,True,2022-11-16 18:12:23 UTC,True,USCDetector,9b2bf71d1929a8bc27c88b52fe9224c24325cd68,0,0322ba56018024d4fd97fe6224da6c8ac2de2ced72ea753a744325fd5ce1acdc,ethereum.publicnode.com,2026-08-18T18:37:12+00:00
SUT-0075,1,ethereum-mainnet,0x7720a95be2b7ce0fb5abe4678d2e2a245bcd7aa5,0x7720a95be2b7ce0fb5abe4678d2e2a245bcd7aa5,0x4e28d5ba1cd3d89e8ef773515af70b871ef9e5619407c1dc95712d48f3bb8870,16073632,0x7bffdfc326921be2b22753bfabe9c9df396be7f29472efc875fda24262ff80ed,2022-11-29 05:43:11 UTC,0xc413acbb126fa228d7e3d1943ba506b507c91af7,upgradeTo,0x3659cfe6,0x7baad50a656c484330f9e9ae720798edcd739c83,3851,success,529,True,2022-11-29 05:43:11 UTC,True,USCDetector,9b2bf71d1929a8bc27c88b52fe9224c24325cd68,0,04372270863bfc6735026dd1efe36299194a2e9b1df769812d771f4b601ae122,ethereum.publicnode.com,2026-08-18T18:37:12+00:00
SUT-0076,1,ethereum-mainnet,0x4f52718bb1976da328cf5d11424dca054f3b579f,0x4f52718bb1976da328cf5d11424dca054f3b579f,0x2e9274c40c2b5d449f7c4c72d81c573b46c2f5f8be510af9290fe82209af0ac1,16104311,0x221063f284acf0179d7f7bbb902f0c3a278ea1c801110516c98a2564c6b243ea,2022-12-03 12:33:11 UTC,0x7f36c9f2f24610c5cf432d2b6355c71184f4ca1d,upgradeTo,0x3659cfe6,0x67d6897ec4e903e4163649ac064ae1020635e379,2905,success,32,True,2022-12-03 12:33:11 UTC,True,USCDetector,9b2bf71d1929a8bc27c88b52fe9224c24325cd68,0,02220787c84c1e9a0dfcbec6f3270ba3fd57be3a5039e4145ce300c5a3f112a9,ethereum.publicnode.com,2026-08-18T18:37:12+00:00
SUT-0077,1,ethereum-mainnet,0xe968187e5b012362a1ca9ec189d24bdc7d1863f1,0xe968187e5b012362a1ca9ec189d24bdc7d1863f1,0x1579f0e31f9aa00e652cb7d68e1296552891b15897c8618b1659c366a83251f9,16113912,0x0b720d53bd860dc9d46d2b01ff19d1fad3c53f546e705166cdf56c2068a028f2,2022-12-04 20:45:35 UTC,0xb0872c5ecd827c2e0e1cfa3009a41ebd6efaaf6a,upgradeTo,0x3659cfe6,0x67d6897ec4e903e4163649ac064ae1020635e379,2905,success,65,True,2022-12-04 20:45:35 UTC,True,USCDetector,9b2bf71d1929a8bc27c88b52fe9224c24325cd68,0,031609b5b56ac96e60e26e49b06eed3e01b824a162dde73888e1148275feb22d,ethereum.publicnode.com,2026-08-18T18:37:12+00:00
SUT-0078,1,ethereum-mainnet,0x8d87cbd8c3632b7ef117a15f8100943a23b7d03b,0x8d87cbd8c3632b7ef117a15f8100943a23b7d03b,0x45ba360967254f62849e46d4efe818fb9a2f71cf7c5623d955c36bd0cc80008b,16126597,0x8ee0001c19c246d52e1bcbc875e1a2d6b89434cd57fa132e34e293227e14c5d8,2022-12-06 15:17:59 UTC,0x23c4602e63acfe29b930c530b19d44a84af0d767,upgradeToAndCall,0x4f1ef286,0x6564fe0809e8b520a0e26ee644d98c4ea2c6fb45,6998,success,260,True,2022-12-06 15:17:59 UTC,True,USCDetector,9b2bf71d1929a8bc27c88b52fe9224c24325cd68,0,033ff541eca729e52b3c74dbb9fc834e67668d02496a2d5d15e4f1efa6bbee6c,ethereum.publicnode.com,2026-08-18T18:37:12+00:00
SUT-0079,1,ethereum-mainnet,0x85ca9f611c363065252ea9462c90743922767b55,0x85ca9f611c363065252ea9462c90743922767b55,0x71bdcab4a63a6e75d6bcd434061f5b8c8f6fd77d8d9bc7ba88c5735758e556b3,16187722,0xa43a426eb504fd7773f5ee756d26cdb30aaaed5726c1e6643eadf2fd08c603dd,2022-12-15 04:30:35 UTC,0x15280a52e79fd4ab35f4b9acbb376dcd72b44fd1,upgradeTo,0x3659cfe6,0xc600727f1ce705436734f2367e7fc449da5fb3a6,23133,success,30,True,2022-12-15 04:30:35 UTC,True,USCDetector,9b2bf71d1929a8bc27c88b52fe9224c24325cd68,1,02b4d63d3e80e6cc2abde5bd36996a6dfe037de39a9c026240e57dcd9024918c,ethereum.publicnode.com,2026-08-18T18:37:12+00:00
SUT-0080,1,ethereum-mainnet,0x4fd7043d2c6983fa33ba1c1059e27ef7552f947b,0x4fd7043d2c6983fa33ba1c1059e27ef7552f947b,0x2d21ca2344c6da5dc143e4ce28881b6513f8c84b761b1f0764dffdde9a096c03,16271694,0xeb17168c0c3086df5396e4b7fc760df424c33d5e349090a7878390f21907a169,2022-12-26 21:44:47 UTC,0x39beb60bc4c1b8b0ebeedc515c7a56e7dfb3a5a9,upgradeTo,0x3659cfe6,0x535640946c6f47806faf036f14d23e85a42c5544,10570,success,485,True,2022-12-26 21:44:47 UTC,True,USCDetector,9b2bf71d1929a8bc27c88b52fe9224c24325cd68,1,00b9554093a894205158de157692bbae3920913b84e99c696d4992c0ae891e06,ethereum.publicnode.com,2026-08-18T18:37:12+00:00
SUT-0081,1,ethereum-mainnet,0x538dcc2d19fc817e0c7c25820cc9695a3f9d2892,0x538dcc2d19fc817e0c7c25820cc9695a3f9d2892,0x1623610c989795b744a7822e51872f9ea313ed4cf868f4bbc9cdc9357df95e54,16614758,0x97a4268131761829bd3c75852a027e25ce117e12fe7486ebd6ad29d252405fb5,2023-02-12 19:25:59 UTC,0x2fe70ef3db7ea49b5f14b5edf6208116458fa74a,upgradeTo,0x3659cfe6,0x28546ea0c2894e4b83f91dc6db52c83d0ca61f0e,24195,success,95,True,2023-02-12 19:25:59 UTC,True,USCDetector,9b2bf71d1929a8bc27c88b52fe9224c24325cd68,0,071763a3badf9a85da65220c4df0cab69f32ec54d1d66e119c8e4b35f42ab186,ethereum.publicnode.com,2026-08-18T18:37:12+00:00
SUT-0082,1,ethereum-mainnet,0x340ab3071a70b03406a39aa7988f451d6ed91c98,0x340ab3071a70b03406a39aa7988f451d6ed91c98,0x92f54d7c6384a2247217d1bb26e2224ade8ab2ea2b6819a1a323f5db8fb24b6b,16669398,0xb6890787501215b50c2b427dc42be0c7f657390dd57332fd2cb77e43a57840d3,2023-02-20 11:16:23 UTC,0x3df461f2936eede49ead072ea40dccb5d4ee7b73,upgradeTo,0x3659cfe6,0x0d970afb431c8188a49eaa3782e6e37ffb16011a,8309,success,247,True,2023-02-20 11:16:23 UTC,True,USCDetector,9b2bf71d1929a8bc27c88b52fe9224c24325cd68,0,0518a80dc63a8021fd7d1ac53c5563002d7a731faaaef6c3dbd0ca558d4138d0,ethereum.publicnode.com,2026-08-18T18:37:12+00:00
SUT-0083,1,ethereum-mainnet,0x376ad3c36497929799e3f6575a48c1e6f69c0920,0x376ad3c36497929799e3f6575a48c1e6f69c0920,0xb333e6d61f96c76ad0057b01cfd8aecb70ad87fa5bd6b9898a0a25a0eaede299,16669777,0xa8f6cd48d2a751c6610b297d1134514bf6017209f385755faaf8c71f1752fb5f,2023-02-20 12:32:47 UTC,0x3df461f2936eede49ead072ea40dccb5d4ee7b73,upgradeTo,0x3659cfe6,0xda5c71f78c34f3315eb4458939ad84ee78e0d8e7,8309,success,126,True,2023-02-20 12:32:47 UTC,True,USCDetector,9b2bf71d1929a8bc27c88b52fe9224c24325cd68,0,046f5faa60c646566fe913a364ce75787614be4e132ecac1cd97fcaa49cf4174,ethereum.publicnode.com,2026-08-18T18:37:12+00:00
SUT-0084,1,ethereum-mainnet,0x0a970772764c7f29e2a638258fd37bf93b663d3c,0x0a970772764c7f29e2a638258fd37bf93b663d3c,0x001451f2b01bfd58e0c4e551c6444da49e4fe2774803f47c4c76fca4a674b741,16690869,0x893f49dfdafb810e0455bc96067e49adeddfd74f43d6f5ebf8aaefb03d836be4,2023-02-23 11:42:11 UTC,0xba0485e54eb0a030ff22b08734f8fa67bd11193c,upgradeToAndCall,0x4f1ef286,0x5eb5babcefea846b220c82f222f00df95934f5f0,24493,success,290,True,2023-02-23 11:42:11 UTC,True,USCDetector,9b2bf71d1929a8bc27c88b52fe9224c24325cd68,0,0170eeca95810c74c778811b1516a23db14c5a14f3939ffa1833095e2973d070,ethereum.publicnode.com,2026-08-18T18:37:12+00:00
SUT-0085,1,ethereum-mainnet,0x14bbe6827368891fe440e3a653c353b9ed20d118,0x14bbe6827368891fe440e3a653c353b9ed20d118,0xc9ac9e444a2303719ab967ed8f291add8e812af6ca957b64d08336c572982db5,16702383,0x78993f73dfe06e0c110872d47da56fe72f0bb6916183249497a8f5b5fc17cc46,2023-02-25 02:37:35 UTC,0xa2fc60cccebff02ad6e055f1e4dd0e8d0106e1f6,upgradeToAndCall,0x4f1ef286,0x5eb5babcefea846b220c82f222f00df95934f5f0,24493,success,142,True,2023-02-25 02:37:35 UTC,True,USCDetector,9b2bf71d1929a8bc27c88b52fe9224c24325cd68,0,0702f9f3d95a985d43b251f7468c2fecbc8aeed7cb91d594f6d6deb876fc48ac,ethereum.publicnode.com,2026-08-18T18:37:12+00:00
SUT-0086,1,ethereum-mainnet,0x425b6f0909689f8538b03e90f824f7c790281dfb,0x425b6f0909689f8538b03e90f824f7c790281dfb,0x3898571344c99471f0f16da3aec46ec512468eb13a243d63689acbfa754fc74b,16720537,0xa79d58e1acfb2310454042d89fcac319c78ac9896aaace594adb1d9f0ff4b6c1,2023-02-27 15:51:47 UTC,0x149d46ec060e75ae188876adb6b24024637003c7,upgradeToAndCall,0x4f1ef286,0x5eb5babcefea846b220c82f222f00df95934f5f0,24493,success,1267,True,2023-02-27 15:51:47 UTC,True,USCDetector,9b2bf71d1929a8bc27c88b52fe9224c24325cd68,0,06c1504b04dae30ae790d32e1c1460850e79b9cf2960278c5fd262f3929daab1,ethereum.publicnode.com,2026-08-18T18:37:12+00:00
SUT-0087,1,ethereum-mainnet,0x2f359ab118d7c34bd9838f52cb671e7e68e0e905,0x2f359ab118d7c34bd9838f52cb671e7e68e0e905,0xd532657bee65deeeb61ae7483c84f334e3a997cf5bab8824817c87ecf5e1ef61,16720567,0xe6301c2ea4402df18b3e892153a4141c294206bb83b799236eb15cf3f2d0b653,2023-02-27 15:57:47 UTC,0x149d46ec060e75ae188876adb6b24024637003c7,upgradeToAndCall,0x4f1ef286,0x5eb5babcefea846b220c82f222f00df95934f5f0,24493,success,308,True,2023-02-27 15:57:47 UTC,True,USCDetector,9b2bf71d1929a8bc27c88b52fe9224c24325cd68,0,053013056fbfa728ca53b5820b082b7fccf4e5c548670c1c2681f3b1ebd6f157,ethereum.publicnode.com,2026-08-18T18:37:12+00:00
SUT-0088,1,ethereum-mainnet,0x318b2456a711c5f35e9eaa2b9ee5734a3635fe96,0x318b2456a711c5f35e9eaa2b9ee5734a3635fe96,0x1e19f94dbd7fefae2bd798c450561f1cfe55588258bfa14689128ea06a679d8d,16749223,0x726f0c65081922424f382b7044ebbc80ef9e69a45227acd521da234fda425ab8,2023-03-03 16:39:23 UTC,0x3f55534fce61474af125c19c752448dc225f081f,upgradeToAndCall,0x4f1ef286,0xf61f1450d38848e7df7cc9dfe1019a397c392055,1670,success,307,True,2023-03-03 16:39:23 UTC,True,USCDetector,9b2bf71d1929a8bc27c88b52fe9224c24325cd68,1,034a754a08e0627f44ebfbbde33852cae286067a067aca684f36ac0e80576458,ethereum.publicnode.com,2026-08-18T18:37:12+00:00
SUT-0089,1,ethereum-mainnet,0xc37bd7c01ac8f25ffd15ecd6e17745ddb0d99026,0xc37bd7c01ac8f25ffd15ecd6e17745ddb0d99026,0xdca3fe99d6150fb0aa67375bdf0343626bd4c6cf5e889018e329d2a241b8a4cf,16763896,0x662cd57804a8d7c1ecc5a9793e78fcf4c6638d3be78ec82465a573e485b83df8,2023-03-05 18:12:35 UTC,0x9bcdc7db2f57b0f960a737ccc29373a9bc760134,upgradeToAndCall,0x4f1ef286,0x5eb5babcefea846b220c82f222f00df95934f5f0,24493,success,147,True,2023-03-05 18:12:35 UTC,True,USCDetector,9b2bf71d1929a8bc27c88b52fe9224c24325cd68,0,06e7e671eae5cff8d89dd010cbb1c28b8dc5a872bbb707a789c9abee37a041b7,ethereum.publicnode.com,2026-08-18T18:37:12+00:00
SUT-0090,1,ethereum-mainnet,0x50946afbd6e3720298e16da3cf5890f963dbef86,0x50946afbd6e3720298e16da3cf5890f963dbef86,0xcef47bdda0aeab6734e65aacd131aa9a18bef37ec4dd29cebcf539f521cd0e4d,16847374,0xeae139b0280cdcaf2084cf95f85b0deac001cec41252cf31b3409fe5bded9f98,2023-03-17 11:56:11 UTC,0x403383c411c0eb14ea0bd15e7c2ad5431a7410c2,upgradeToAndCall,0x4f1ef286,0x5eb5babcefea846b220c82f222f00df95934f5f0,24493,success,323,True,2023-03-17 11:56:11 UTC,True,USCDetector,9b2bf71d1929a8bc27c88b52fe9224c24325cd68,0,013353a5c4a6b66acc23057f24002985944a73eed6445fcc595e22cd1d914cac,ethereum.publicnode.com,2026-08-18T18:37:12+00:00
SUT-0091,1,ethereum-mainnet,0xc2ce4123c8a4a8519c84541d668e743b98b6fce1,0xc2ce4123c8a4a8519c84541d668e743b98b6fce1,0xae05ce84879ed78f15a0188f098ee74de5e633d731df35d5f5d98916a640d87d,16882483,0x2b52540509a7ac8aef31cf296ec570b50013ba92f8ef437626544e89f97e316d,2023-03-22 10:16:47 UTC,0x0be1241468df7e9d3b74a84869ddf05c36fd7e50,upgradeTo,0x3659cfe6,0xb2999240765ce4334400ab1d5ef24163c30fb35f,17551,success,104,True,2023-03-22 10:16:47 UTC,True,USCDetector,9b2bf71d1929a8bc27c88b52fe9224c24325cd68,0,019314d7b1b810b920072a6015931e24dfd87be4d29d188838928a00d1126738,ethereum.publicnode.com,2026-08-18T18:37:12+00:00
SUT-0092,1,ethereum-mainnet,0xffda0be74f8e52627e5fbed4a35beafc5c49c5d1,0xffda0be74f8e52627e5fbed4a35beafc5c49c5d1,0xcc423621abb815c20ccb5db2e58d9e6e0f0286405651f16f1feaa2516c3ad1b1,16933194,0x4211d2ec27aca69a429b1e7b2f07bcb8950a144193a2165a1b32144b879caa3c,2023-03-29 13:17:47 UTC,0xf8368119bb1073cf01b841848725d81b542a4c19,upgradeTo,0x3659cfe6,0x9e05d613e09e878cc14e5c25a79028b8dcff79d3,15769,success,14,True,2023-03-29 13:17:47 UTC,True,USCDetector,9b2bf71d1929a8bc27c88b52fe9224c24325cd68,0,04c495c00fc6ce56acd791952fe9cb2be7e82583f9f5cb4eb278ccf3bd40594a,ethereum.publicnode.com,2026-08-18T18:37:12+00:00
SUT-0093,1,ethereum-mainnet,0xb7abcc333209f3e8af129ab99ee2a470a2ac5bae,0xb7abcc333209f3e8af129ab99ee2a470a2ac5bae,0xc5d017cc55fe4ca19888bd8a533217ba3c4bf469c4d4da6e865b9b1ab6d45e8f,17020563,0xeed16c07f9e275daf0e429ee7c407a882b6182d7b16cceb1e5142cd0003bcd01,2023-04-10 21:54:23 UTC,0x3f7906d1bba4911dffc3fa1f97f7fef4a5a3034c,upgradeTo,0x3659cfe6,0x26daa1a88c9b2bcda8b0c928e0024130ede7ca0b,20111,success,301,True,2023-04-10 21:54:23 UTC,True,USCDetector,9b2bf71d1929a8bc27c88b52fe9224c24325cd68,2,009f7d4486f9119b8e431a688dfb05b1e70dc04ae5877f1734aa12c6243c4536,ethereum.publicnode.com,2026-08-18T18:37:12+00:00
SUT-0094,1,ethereum-mainnet,0x1520548673434d49a60d9b5cb1f35690e7bc5d71,0x1520548673434d49a60d9b5cb1f35690e7bc5d71,0xf82584b20593bbc9a92c18a6bf6f8001bf55d6779e27e0a3c704a8eaf87300ca,17096315,0x6385e525fc4cd00332b835c689d5ebe5e19dd1fd453779b42e2c3b56b568d828,2023-04-21 17:43:47 UTC,0xe4320c08a1936a1acecd61eac3d90019f442c51e,upgradeTo,0x3659cfe6,0x5eb5babcefea846b220c82f222f00df95934f5f0,24493,success,341,True,2023-04-21 17:43:47 UTC,True,USCDetector,9b2bf71d1929a8bc27c88b52fe9224c24325cd68,0,017493d3910da2f9b350ab394db184dee80cc47a4a7153f8eb886f6de6a642f7,ethereum.publicnode.com,2026-08-18T18:37:12+00:00
SUT-0095,1,ethereum-mainnet,0x8f1b132e9fd2b9a2b210baa186bf1ae650adf7ac,0x8f1b132e9fd2b9a2b210baa186bf1ae650adf7ac,0xda0dfe61196710140225dc2ba227647ebe6b12871109dae5d7728c4971b26e26,17097797,0xa2dec5d0e152ca97a1d9ec4c0a57fc1127e7bfe47d2b99e899e581e9482eede8,2023-04-21 22:44:23 UTC,0x15c93cf3fc314038f713e4a7cb417d04dc19cb59,upgradeTo,0x3659cfe6,0x49d82927e32138d8d6cedea634231443ee26e00e,9452,success,158,True,2023-04-21 22:44:23 UTC,True,USCDetector,9b2bf71d1929a8bc27c88b52fe9224c24325cd68,0,068b49efa9e838a7890df764b7b91debd8fa5b601744396a04a5be8e438bac2d,ethereum.publicnode.com,2026-08-18T18:37:12+00:00
SUT-0096,1,ethereum-mainnet,0xb186035490c8602ead853ec98be05e3461521ab2,0xb186035490c8602ead853ec98be05e3461521ab2,0xd552dfd3e0c9b446c57814d611df8f8bd1f5639e8e8fee077db392d129f84aa1,17151580,0xb5e71b319176329cf55a1c2bc830240b0fb71d5541a45061abb751b345aa0d4c,2023-04-29 11:52:47 UTC,0xb57e2bf3d71f911b20a3cd45224b8e0c3b147aa2,upgradeTo,0x3659cfe6,0x18911b9793d6f063bbebb024dccea5f290f17e4d,11471,success,142,True,2023-04-29 11:52:47 UTC,True,USCDetector,9b2bf71d1929a8bc27c88b52fe9224c24325cd68,0,053a3113ca5facb3342c9b330b8aab13133994c54f7e96300fdfbfad83b0dc5c,ethereum.publicnode.com,2026-08-18T18:37:12+00:00
SUT-0097,1,ethereum-mainnet,0xbd101d5984d0c04c4001f668604a9d7d426990b8,0xbd101d5984d0c04c4001f668604a9d7d426990b8,0x07375acf43b02c2942486ffb7d55cab92e19257aa0b57147c7c5fd6f32f98816,17238774,0x3e898ec4dfa5346eecd5cd8502c766e80388653996e697f5787de25d86f346c0,2023-05-11 18:08:11 UTC,0xb1c3e88becf5461d7a36d6ff4ed0f34050ef578b,upgradeTo,0x3659cfe6,0x982edd74fb8a7d04c95eda20e475fc57d92af0a9,14355,success,323,True,2023-05-11 18:08:11 UTC,True,USCDetector,9b2bf71d1929a8bc27c88b52fe9224c24325cd68,3,05e77a8fce72031697b9362195a37c18f1cdc82172ef40bddeb2f1183c4eecf7,ethereum.publicnode.com,2026-08-18T18:37:12+00:00
SUT-0098,1,ethereum-mainnet,0xb6dccd26f900a483a6ec8ae40da64c1f80fc6985,0xb6dccd26f900a483a6ec8ae40da64c1f80fc6985,0x9587146ee8ff1c8ae7b4c3b9a5e826816d5ba8cbdf1f785d0844f28b1b8a0799,17271279,0x418b157cf3926504e9da98fe30988f5be51b2c4ac9335b12ca0f8821b50da2b2,2023-05-16 09:07:35 UTC,0x2095c4621bab1fd63011e8780a5be977ef5beaf5,upgradeTo,0x3659cfe6,0xbd1ab5ed43cd8377c8fa3dbebcd5b466b1beeba0,5825,success,131,True,2023-05-16 09:07:35 UTC,True,USCDetector,9b2bf71d1929a8bc27c88b52fe9224c24325cd68,1,02ae3b9696d9056945eee4e61ca4ca670f08f315c8b247114d93ce4359711e88,ethereum.publicnode.com,2026-08-18T18:37:12+00:00
SUT-0099,1,ethereum-mainnet,0xb99533e654f82e0f63d8c908fb6d76dd94dadd11,0xb99533e654f82e0f63d8c908fb6d76dd94dadd11,0x9542a1454e97d90975ad1bc558b2572f3d4bef0825711b817c28b96868660d85,17403816,0x0e2d1fb842b52d4b96c5f1fd72d5b61316e474cd645eb927a1028211c2f83bb9,2023-06-04 00:52:59 UTC,0x554b1bd47b7d180844175ca4635880da8a3c70b9,upgradeTo,0x3659cfe6,0xbdadd6dc0a1f8905cc339b9ce0a25208fd2b5da5,1757,success,129,True,2023-06-04 00:52:59 UTC,True,USCDetector,9b2bf71d1929a8bc27c88b52fe9224c24325cd68,0,06445a14e7800a22e6e8db6e22c8b1362be81e24cbb27c30b8a00bdc7cc0e121,ethereum.publicnode.com,2026-08-18T18:37:12+00:00
SUT-0100,1,ethereum-mainnet,0xd2d0e472a01c0ccffe0ff442e50ac1cd20190062,0xd2d0e472a01c0ccffe0ff442e50ac1cd20190062,0x01a092615ca67ee084cb656056fce5f746b76d07ed4b83f1a99223e2a5c8bd48,17412323,0xe7699784934642f69f48323cc2b4f41c7ce1a5dea04223a67a0f0b1be04c15f7,2023-06-05 05:42:23 UTC,0x5e2e790d0c8489dea464aee4f8d91bc2138798f9,upgradeTo,0x3659cfe6,0x987411b73708d5746de2c412cc234da90b1245a7,2042,success,73,True,2023-06-05 05:42:23 UTC,True,USCDetector,9b2bf71d1929a8bc27c88b52fe9224c24325cd68,0,065ffe9f9bda195e1aa9433ddcae28c8354bd29ab222220a3faae9fa8730c56e,ethereum.publicnode.com,2026-08-18T18:37:12+00:00
